execve("./ardlib_qe_wgrid", ["./ardlib_qe_wgrid", "HRC-S2", "../data/hz43/22749/tg_reprocess/"..., "2150", "9100", "1", "180", "100"], 0x7ffcb04712e8 /* 86 vars */) = 0
brk(NULL)                               = 0x563639869000
arch_prctl(0x3001 /* ARCH_??? */, 0x7ffd7ed9ad80) = -1 EINVAL (Invalid argument)
access("/etc/ld.so.preload", R_OK)      = -1 ENOENT (No such file or directory)
openat(AT_FDCWD, "/usr/local/ciao-4.13/ots/lib/tls/x86_64/x86_64/libascdm.so", O_RDONLY|O_CLOEXEC) = -1 ENOENT (No such file or directory)
stat("/usr/local/ciao-4.13/ots/lib/tls/x86_64/x86_64", 0x7ffd7ed99f30) = -1 ENOENT (No such file or directory)
openat(AT_FDCWD, "/usr/local/ciao-4.13/ots/lib/tls/x86_64/libascdm.so", O_RDONLY|O_CLOEXEC) = -1 ENOENT (No such file or directory)
stat("/usr/local/ciao-4.13/ots/lib/tls/x86_64", 0x7ffd7ed99f30) = -1 ENOENT (No such file or directory)
openat(AT_FDCWD, "/usr/local/ciao-4.13/ots/lib/tls/x86_64/libascdm.so", O_RDONLY|O_CLOEXEC) = -1 ENOENT (No such file or directory)
stat("/usr/local/ciao-4.13/ots/lib/tls/x86_64", 0x7ffd7ed99f30) = -1 ENOENT (No such file or directory)
openat(AT_FDCWD, "/usr/local/ciao-4.13/ots/lib/tls/libascdm.so", O_RDONLY|O_CLOEXEC) = -1 ENOENT (No such file or directory)
stat("/usr/local/ciao-4.13/ots/lib/tls", 0x7ffd7ed99f30) = -1 ENOENT (No such file or directory)
openat(AT_FDCWD, "/usr/local/ciao-4.13/ots/lib/x86_64/x86_64/libascdm.so", O_RDONLY|O_CLOEXEC) = -1 ENOENT (No such file or directory)
stat("/usr/local/ciao-4.13/ots/lib/x86_64/x86_64", 0x7ffd7ed99f30) = -1 ENOENT (No such file or directory)
openat(AT_FDCWD, "/usr/local/ciao-4.13/ots/lib/x86_64/libascdm.so", O_RDONLY|O_CLOEXEC) = -1 ENOENT (No such file or directory)
stat("/usr/local/ciao-4.13/ots/lib/x86_64", 0x7ffd7ed99f30) = -1 ENOENT (No such file or directory)
openat(AT_FDCWD, "/usr/local/ciao-4.13/ots/lib/x86_64/libascdm.so", O_RDONLY|O_CLOEXEC) = -1 ENOENT (No such file or directory)
stat("/usr/local/ciao-4.13/ots/lib/x86_64", 0x7ffd7ed99f30) = -1 ENOENT (No such file or directory)
openat(AT_FDCWD, "/usr/local/ciao-4.13/ots/lib/libascdm.so", O_RDONLY|O_CLOEXEC) = -1 ENOENT (No such file or directory)
stat("/usr/local/ciao-4.13/ots/lib", {st_mode=S_IFDIR|0755, st_size=12288, ...}) = 0
openat(AT_FDCWD, "/usr/local/ciao-4.13/lib/tls/x86_64/x86_64/libascdm.so", O_RDONLY|O_CLOEXEC) = -1 ENOENT (No such file or directory)
stat("/usr/local/ciao-4.13/lib/tls/x86_64/x86_64", 0x7ffd7ed99f30) = -1 ENOENT (No such file or directory)
openat(AT_FDCWD, "/usr/local/ciao-4.13/lib/tls/x86_64/libascdm.so", O_RDONLY|O_CLOEXEC) = -1 ENOENT (No such file or directory)
stat("/usr/local/ciao-4.13/lib/tls/x86_64", 0x7ffd7ed99f30) = -1 ENOENT (No such file or directory)
openat(AT_FDCWD, "/usr/local/ciao-4.13/lib/tls/x86_64/libascdm.so", O_RDONLY|O_CLOEXEC) = -1 ENOENT (No such file or directory)
stat("/usr/local/ciao-4.13/lib/tls/x86_64", 0x7ffd7ed99f30) = -1 ENOENT (No such file or directory)
openat(AT_FDCWD, "/usr/local/ciao-4.13/lib/tls/libascdm.so", O_RDONLY|O_CLOEXEC) = -1 ENOENT (No such file or directory)
stat("/usr/local/ciao-4.13/lib/tls", 0x7ffd7ed99f30) = -1 ENOENT (No such file or directory)
openat(AT_FDCWD, "/usr/local/ciao-4.13/lib/x86_64/x86_64/libascdm.so", O_RDONLY|O_CLOEXEC) = -1 ENOENT (No such file or directory)
stat("/usr/local/ciao-4.13/lib/x86_64/x86_64", 0x7ffd7ed99f30) = -1 ENOENT (No such file or directory)
openat(AT_FDCWD, "/usr/local/ciao-4.13/lib/x86_64/libascdm.so", O_RDONLY|O_CLOEXEC) = -1 ENOENT (No such file or directory)
stat("/usr/local/ciao-4.13/lib/x86_64", 0x7ffd7ed99f30) = -1 ENOENT (No such file or directory)
openat(AT_FDCWD, "/usr/local/ciao-4.13/lib/x86_64/libascdm.so", O_RDONLY|O_CLOEXEC) = -1 ENOENT (No such file or directory)
stat("/usr/local/ciao-4.13/lib/x86_64", 0x7ffd7ed99f30) = -1 ENOENT (No such file or directory)
openat(AT_FDCWD, "/usr/local/ciao-4.13/lib/libascdm.so", O_RDONLY|O_CLOEXEC) = 3
read(3, "\177ELF\2\1\1\0\0\0\0\0\0\0\0\0\3\0>\0\1\0\0\0000\316\3\0\0\0\0\0"..., 832) = 832
mmap(NULL, 8192, PROT_READ|PROT_WRITE, MAP_PRIVATE|MAP_ANONYMOUS, -1, 0) = 0x7f447a708000
fstat(3, {st_mode=S_IFREG|0555, st_size=1650296, ...}) = 0
mmap(NULL, 3616744, PROT_READ|PROT_EXEC, MAP_PRIVATE|MAP_DENYWRITE, 3, 0) = 0x7f447a395000
mprotect(0x7f447a4ff000, 2093056, PROT_NONE) = 0
mmap(0x7f447a6fe000, 28672, PROT_READ|PROT_WRITE, MAP_PRIVATE|MAP_FIXED|MAP_DENYWRITE, 3, 0x169000) = 0x7f447a6fe000
mmap(0x7f447a705000, 12264, PROT_READ|PROT_WRITE, MAP_PRIVATE|MAP_FIXED|MAP_ANONYMOUS, -1, 0) = 0x7f447a705000
close(3)                                = 0
openat(AT_FDCWD, "/usr/local/ciao-4.13/ots/lib/libcaldb4.so.3", O_RDONLY|O_CLOEXEC) = -1 ENOENT (No such file or directory)
openat(AT_FDCWD, "/usr/local/ciao-4.13/lib/libcaldb4.so.3", O_RDONLY|O_CLOEXEC) = 3
read(3, "\177ELF\2\1\1\3\0\0\0\0\0\0\0\0\3\0>\0\1\0\0\0\2004\1\0\0\0\0\0"..., 832) = 832
fstat(3, {st_mode=S_IFREG|0755, st_size=496992, ...}) = 0
mmap(NULL, 2543672, PROT_READ|PROT_EXEC, MAP_PRIVATE|MAP_DENYWRITE, 3, 0) = 0x7f447a127000
mprotect(0x7f447a191000, 2097152, PROT_NONE) = 0
mmap(0x7f447a391000, 12288, PROT_READ|PROT_WRITE, MAP_PRIVATE|MAP_FIXED|MAP_DENYWRITE, 3, 0x6a000) = 0x7f447a391000
mmap(0x7f447a394000, 56, PROT_READ|PROT_WRITE, MAP_PRIVATE|MAP_FIXED|MAP_ANONYMOUS, -1, 0) = 0x7f447a394000
close(3)                                = 0
openat(AT_FDCWD, "/usr/local/ciao-4.13/ots/lib/libNewHdr2.so", O_RDONLY|O_CLOEXEC) = -1 ENOENT (No such file or directory)
openat(AT_FDCWD, "/usr/local/ciao-4.13/lib/libNewHdr2.so", O_RDONLY|O_CLOEXEC) = 3
read(3, "\177ELF\2\1\1\0\0\0\0\0\0\0\0\0\3\0>\0\1\0\0\0p\251\0\0\0\0\0\0"..., 832) = 832
fstat(3, {st_mode=S_IFREG|0555, st_size=316880, ...}) = 0
mmap(NULL, 2382184, PROT_READ|PROT_EXEC, MAP_PRIVATE|MAP_DENYWRITE, 3, 0) = 0x7f4479ee1000
mprotect(0x7f4479f25000, 2097152, PROT_NONE) = 0
mmap(0x7f447a125000, 8192, PROT_READ|PROT_WRITE, MAP_PRIVATE|MAP_FIXED|MAP_DENYWRITE, 3, 0x44000) = 0x7f447a125000
close(3)                                = 0
openat(AT_FDCWD, "/usr/local/ciao-4.13/ots/lib/libcxcparam.so", O_RDONLY|O_CLOEXEC) = -1 ENOENT (No such file or directory)
openat(AT_FDCWD, "/usr/local/ciao-4.13/lib/libcxcparam.so", O_RDONLY|O_CLOEXEC) = 3
read(3, "\177ELF\2\1\1\0\0\0\0\0\0\0\0\0\3\0>\0\1\0\0\0\260\325\0\0\0\0\0\0"..., 832) = 832
fstat(3, {st_mode=S_IFREG|0555, st_size=298024, ...}) = 0
mmap(NULL, 2376856, PROT_READ|PROT_EXEC, MAP_PRIVATE|MAP_DENYWRITE, 3, 0) = 0x7f4479c9c000
mprotect(0x7f4479cd9000, 2097152, PROT_NONE) = 0
mmap(0x7f4479ed9000, 12288, PROT_READ|PROT_WRITE, MAP_PRIVATE|MAP_FIXED|MAP_DENYWRITE, 3, 0x3d000) = 0x7f4479ed9000
mmap(0x7f4479edc000, 17560, PROT_READ|PROT_WRITE, MAP_PRIVATE|MAP_FIXED|MAP_ANONYMOUS, -1, 0) = 0x7f4479edc000
close(3)                                = 0
openat(AT_FDCWD, "/usr/local/ciao-4.13/ots/lib/libcfitsio.so.9", O_RDONLY|O_CLOEXEC) = 3
read(3, "\177ELF\2\1\1\0\0\0\0\0\0\0\0\0\3\0>\0\1\0\0\0\3407\2\0\0\0\0\0"..., 832) = 832
pread64(3, "\1\0\0\0\5\0\0\0\0\0\0\0\0\0\0\0\0\0\0\0\0\0\0\0\0\0\0\0\0\0\0\0"..., 392, 5267456) = 392
fstat(3, {st_mode=S_IFREG|0555, st_size=5286720, ...}) = 0
pread64(3, "\1\0\0\0\5\0\0\0\0\0\0\0\0\0\0\0\0\0\0\0\0\0\0\0\0\0\0\0\0\0\0\0"..., 392, 5267456) = 392
mmap(NULL, 5319488, PROT_READ|PROT_EXEC, MAP_PRIVATE|MAP_DENYWRITE, 3, 0) = 0x7f4479789000
mprotect(0x7f4479903000, 3751936, PROT_NONE) = 0
mmap(0x7f4479b02000, 20480, PROT_READ|PROT_WRITE, MAP_PRIVATE|MAP_FIXED|MAP_DENYWRITE, 3, 0x179000) = 0x7f4479b02000
mmap(0x7f4479b07000, 1638240, PROT_READ|PROT_WRITE, MAP_PRIVATE|MAP_FIXED|MAP_ANONYMOUS, -1, 0) = 0x7f4479b07000
mmap(0x7f4479c97000, 20480, PROT_READ|PROT_WRITE, MAP_PRIVATE|MAP_FIXED|MAP_DENYWRITE, 3, 0x506000) = 0x7f4479c97000
close(3)                                = 0
openat(AT_FDCWD, "/usr/local/ciao-4.13/ots/lib/libm.so.6", O_RDONLY|O_CLOEXEC) = -1 ENOENT (No such file or directory)
openat(AT_FDCWD, "/usr/local/ciao-4.13/lib/libm.so.6", O_RDONLY|O_CLOEXEC) = -1 ENOENT (No such file or directory)
openat(AT_FDCWD, "/etc/ld.so.cache", O_RDONLY|O_CLOEXEC) = 3
fstat(3, {st_mode=S_IFREG|0644, st_size=132787, ...}) = 0
mmap(NULL, 132787, PROT_READ, MAP_PRIVATE, 3, 0) = 0x7f4479768000
close(3)                                = 0
openat(AT_FDCWD, "/lib/x86_64-linux-gnu/libm.so.6", O_RDONLY|O_CLOEXEC) = 3
read(3, "\177ELF\2\1\1\3\0\0\0\0\0\0\0\0\3\0>\0\1\0\0\0\300\363\0\0\0\0\0\0"..., 832) = 832
fstat(3, {st_mode=S_IFREG|0644, st_size=1369352, ...}) = 0
mmap(NULL, 1368336, PROT_READ, MAP_PRIVATE|MAP_DENYWRITE, 3, 0) = 0x7f4479619000
mmap(0x7f4479628000, 684032, PROT_READ|PROT_EXEC, MAP_PRIVATE|MAP_FIXED|MAP_DENYWRITE, 3, 0xf000) = 0x7f4479628000
mmap(0x7f44796cf000, 618496, PROT_READ, MAP_PRIVATE|MAP_FIXED|MAP_DENYWRITE, 3, 0xb6000) = 0x7f44796cf000
mmap(0x7f4479766000, 8192, PROT_READ|PROT_WRITE, MAP_PRIVATE|MAP_FIXED|MAP_DENYWRITE, 3, 0x14c000) = 0x7f4479766000
close(3)                                = 0
openat(AT_FDCWD, "/usr/local/ciao-4.13/ots/lib/libc.so.6", O_RDONLY|O_CLOEXEC) = -1 ENOENT (No such file or directory)
openat(AT_FDCWD, "/usr/local/ciao-4.13/lib/libc.so.6", O_RDONLY|O_CLOEXEC) = -1 ENOENT (No such file or directory)
openat(AT_FDCWD, "/lib/x86_64-linux-gnu/libc.so.6", O_RDONLY|O_CLOEXEC) = 3
read(3, "\177ELF\2\1\1\3\0\0\0\0\0\0\0\0\3\0>\0\1\0\0\0000\216\2\0\0\0\0\0"..., 832) = 832
pread64(3, "\6\0\0\0\4\0\0\0@\0\0\0\0\0\0\0@\0\0\0\0\0\0\0@\0\0\0\0\0\0\0"..., 784, 64) = 784
pread64(3, "\4\0\0\0\20\0\0\0\5\0\0\0GNU\0\2\0\0\300\4\0\0\0\3\0\0\0\0\0\0\0", 32, 848) = 32
pread64(3, "\4\0\0\0\24\0\0\0\3\0\0\0GNU\0\36?\260k\214\206\265\342\202\343\341\33\322\7\323\231"..., 68, 880) = 68
fstat(3, {st_mode=S_IFREG|0755, st_size=1991800, ...}) = 0
mmap(NULL, 8192, PROT_READ|PROT_WRITE, MAP_PRIVATE|MAP_ANONYMOUS, -1, 0) = 0x7f4479617000
pread64(3, "\6\0\0\0\4\0\0\0@\0\0\0\0\0\0\0@\0\0\0\0\0\0\0@\0\0\0\0\0\0\0"..., 784, 64) = 784
mmap(NULL, 1999968, PROT_READ, MAP_PRIVATE|MAP_DENYWRITE, 3, 0) = 0x7f447942e000
mmap(0x7f4479454000, 1495040, PROT_READ|PROT_EXEC, MAP_PRIVATE|MAP_FIXED|MAP_DENYWRITE, 3, 0x26000) = 0x7f4479454000
mmap(0x7f44795c1000, 311296, PROT_READ, MAP_PRIVATE|MAP_FIXED|MAP_DENYWRITE, 3, 0x193000) = 0x7f44795c1000
mmap(0x7f447960d000, 24576, PROT_READ|PROT_WRITE, MAP_PRIVATE|MAP_FIXED|MAP_DENYWRITE, 3, 0x1de000) = 0x7f447960d000
mmap(0x7f4479613000, 13408, PROT_READ|PROT_WRITE, MAP_PRIVATE|MAP_FIXED|MAP_ANONYMOUS, -1, 0) = 0x7f4479613000
close(3)                                = 0
openat(AT_FDCWD, "/usr/local/ciao-4.13/lib/../lib/tls/x86_64/x86_64/libregion.so.0", O_RDONLY|O_CLOEXEC) = -1 ENOENT (No such file or directory)
stat("/usr/local/ciao-4.13/lib/../lib/tls/x86_64/x86_64", 0x7ffd7ed99e50) = -1 ENOENT (No such file or directory)
openat(AT_FDCWD, "/usr/local/ciao-4.13/lib/../lib/tls/x86_64/libregion.so.0", O_RDONLY|O_CLOEXEC) = -1 ENOENT (No such file or directory)
stat("/usr/local/ciao-4.13/lib/../lib/tls/x86_64", 0x7ffd7ed99e50) = -1 ENOENT (No such file or directory)
openat(AT_FDCWD, "/usr/local/ciao-4.13/lib/../lib/tls/x86_64/libregion.so.0", O_RDONLY|O_CLOEXEC) = -1 ENOENT (No such file or directory)
stat("/usr/local/ciao-4.13/lib/../lib/tls/x86_64", 0x7ffd7ed99e50) = -1 ENOENT (No such file or directory)
openat(AT_FDCWD, "/usr/local/ciao-4.13/lib/../lib/tls/libregion.so.0", O_RDONLY|O_CLOEXEC) = -1 ENOENT (No such file or directory)
stat("/usr/local/ciao-4.13/lib/../lib/tls", 0x7ffd7ed99e50) = -1 ENOENT (No such file or directory)
openat(AT_FDCWD, "/usr/local/ciao-4.13/lib/../lib/x86_64/x86_64/libregion.so.0", O_RDONLY|O_CLOEXEC) = -1 ENOENT (No such file or directory)
stat("/usr/local/ciao-4.13/lib/../lib/x86_64/x86_64", 0x7ffd7ed99e50) = -1 ENOENT (No such file or directory)
openat(AT_FDCWD, "/usr/local/ciao-4.13/lib/../lib/x86_64/libregion.so.0", O_RDONLY|O_CLOEXEC) = -1 ENOENT (No such file or directory)
stat("/usr/local/ciao-4.13/lib/../lib/x86_64", 0x7ffd7ed99e50) = -1 ENOENT (No such file or directory)
openat(AT_FDCWD, "/usr/local/ciao-4.13/lib/../lib/x86_64/libregion.so.0", O_RDONLY|O_CLOEXEC) = -1 ENOENT (No such file or directory)
stat("/usr/local/ciao-4.13/lib/../lib/x86_64", 0x7ffd7ed99e50) = -1 ENOENT (No such file or directory)
openat(AT_FDCWD, "/usr/local/ciao-4.13/lib/../lib/libregion.so.0", O_RDONLY|O_CLOEXEC) = 3
read(3, "\177ELF\2\1\1\0\0\0\0\0\0\0\0\0\3\0>\0\1\0\0\0\340U\0\0\0\0\0\0"..., 832) = 832
fstat(3, {st_mode=S_IFREG|0755, st_size=135992, ...}) = 0
mmap(NULL, 2218440, PROT_READ|PROT_EXEC, MAP_PRIVATE|MAP_DENYWRITE, 3, 0) = 0x7f4479210000
mprotect(0x7f447922c000, 2097152, PROT_NONE) = 0
mmap(0x7f447942c000, 8192, PROT_READ|PROT_WRITE, MAP_PRIVATE|MAP_FIXED|MAP_DENYWRITE, 3, 0x1c000) = 0x7f447942c000
close(3)                                = 0
openat(AT_FDCWD, "/usr/local/ciao-4.13/lib/../lib/libdl.so.2", O_RDONLY|O_CLOEXEC) = -1 ENOENT (No such file or directory)
openat(AT_FDCWD, "/usr/local/ciao-4.13/lib/../ots/lib/tls/x86_64/x86_64/libdl.so.2", O_RDONLY|O_CLOEXEC) = -1 ENOENT (No such file or directory)
stat("/usr/local/ciao-4.13/lib/../ots/lib/tls/x86_64/x86_64", 0x7ffd7ed99e30) = -1 ENOENT (No such file or directory)
openat(AT_FDCWD, "/usr/local/ciao-4.13/lib/../ots/lib/tls/x86_64/libdl.so.2", O_RDONLY|O_CLOEXEC) = -1 ENOENT (No such file or directory)
stat("/usr/local/ciao-4.13/lib/../ots/lib/tls/x86_64", 0x7ffd7ed99e30) = -1 ENOENT (No such file or directory)
openat(AT_FDCWD, "/usr/local/ciao-4.13/lib/../ots/lib/tls/x86_64/libdl.so.2", O_RDONLY|O_CLOEXEC) = -1 ENOENT (No such file or directory)
stat("/usr/local/ciao-4.13/lib/../ots/lib/tls/x86_64", 0x7ffd7ed99e30) = -1 ENOENT (No such file or directory)
openat(AT_FDCWD, "/usr/local/ciao-4.13/lib/../ots/lib/tls/libdl.so.2", O_RDONLY|O_CLOEXEC) = -1 ENOENT (No such file or directory)
stat("/usr/local/ciao-4.13/lib/../ots/lib/tls", 0x7ffd7ed99e30) = -1 ENOENT (No such file or directory)
openat(AT_FDCWD, "/usr/local/ciao-4.13/lib/../ots/lib/x86_64/x86_64/libdl.so.2", O_RDONLY|O_CLOEXEC) = -1 ENOENT (No such file or directory)
stat("/usr/local/ciao-4.13/lib/../ots/lib/x86_64/x86_64", 0x7ffd7ed99e30) = -1 ENOENT (No such file or directory)
openat(AT_FDCWD, "/usr/local/ciao-4.13/lib/../ots/lib/x86_64/libdl.so.2", O_RDONLY|O_CLOEXEC) = -1 ENOENT (No such file or directory)
stat("/usr/local/ciao-4.13/lib/../ots/lib/x86_64", 0x7ffd7ed99e30) = -1 ENOENT (No such file or directory)
openat(AT_FDCWD, "/usr/local/ciao-4.13/lib/../ots/lib/x86_64/libdl.so.2", O_RDONLY|O_CLOEXEC) = -1 ENOENT (No such file or directory)
stat("/usr/local/ciao-4.13/lib/../ots/lib/x86_64", 0x7ffd7ed99e30) = -1 ENOENT (No such file or directory)
openat(AT_FDCWD, "/usr/local/ciao-4.13/lib/../ots/lib/libdl.so.2", O_RDONLY|O_CLOEXEC) = -1 ENOENT (No such file or directory)
stat("/usr/local/ciao-4.13/lib/../ots/lib", {st_mode=S_IFDIR|0755, st_size=12288, ...}) = 0
openat(AT_FDCWD, "/lib/x86_64-linux-gnu/libdl.so.2", O_RDONLY|O_CLOEXEC) = 3
read(3, "\177ELF\2\1\1\0\0\0\0\0\0\0\0\0\3\0>\0\1\0\0\0 \22\0\0\0\0\0\0"..., 832) = 832
fstat(3, {st_mode=S_IFREG|0644, st_size=18816, ...}) = 0
mmap(NULL, 20752, PROT_READ, MAP_PRIVATE|MAP_DENYWRITE, 3, 0) = 0x7f447920a000
mmap(0x7f447920b000, 8192, PROT_READ|PROT_EXEC, MAP_PRIVATE|MAP_FIXED|MAP_DENYWRITE, 3, 0x1000) = 0x7f447920b000
mmap(0x7f447920d000, 4096, PROT_READ, MAP_PRIVATE|MAP_FIXED|MAP_DENYWRITE, 3, 0x3000) = 0x7f447920d000
mmap(0x7f447920e000, 8192, PROT_READ|PROT_WRITE, MAP_PRIVATE|MAP_FIXED|MAP_DENYWRITE, 3, 0x3000) = 0x7f447920e000
close(3)                                = 0
openat(AT_FDCWD, "/usr/local/ciao-4.13/lib/../lib/libstdc++.so.6", O_RDONLY|O_CLOEXEC) = -1 ENOENT (No such file or directory)
openat(AT_FDCWD, "/usr/local/ciao-4.13/lib/../ots/lib/libstdc++.so.6", O_RDONLY|O_CLOEXEC) = -1 ENOENT (No such file or directory)
openat(AT_FDCWD, "/lib/x86_64-linux-gnu/libstdc++.so.6", O_RDONLY|O_CLOEXEC) = 3
read(3, "\177ELF\2\1\1\3\0\0\0\0\0\0\0\0\3\0>\0\1\0\0\0\240\341\t\0\0\0\0\0"..., 832) = 832
fstat(3, {st_mode=S_IFREG|0644, st_size=1952928, ...}) = 0
mmap(NULL, 1968128, PROT_READ, MAP_PRIVATE|MAP_DENYWRITE, 3, 0) = 0x7f4479029000
mprotect(0x7f44790bf000, 1286144, PROT_NONE) = 0
mmap(0x7f44790bf000, 983040, PROT_READ|PROT_EXEC, MAP_PRIVATE|MAP_FIXED|MAP_DENYWRITE, 3, 0x96000) = 0x7f44790bf000
mmap(0x7f44791af000, 299008, PROT_READ, MAP_PRIVATE|MAP_FIXED|MAP_DENYWRITE, 3, 0x186000) = 0x7f44791af000
mmap(0x7f44791f9000, 57344, PROT_READ|PROT_WRITE, MAP_PRIVATE|MAP_FIXED|MAP_DENYWRITE, 3, 0x1cf000) = 0x7f44791f9000
mmap(0x7f4479207000, 10240, PROT_READ|PROT_WRITE, MAP_PRIVATE|MAP_FIXED|MAP_ANONYMOUS, -1, 0) = 0x7f4479207000
close(3)                                = 0
openat(AT_FDCWD, "/usr/local/ciao-4.13/lib/../lib/libgcc_s.so.1", O_RDONLY|O_CLOEXEC) = -1 ENOENT (No such file or directory)
openat(AT_FDCWD, "/usr/local/ciao-4.13/lib/../ots/lib/libgcc_s.so.1", O_RDONLY|O_CLOEXEC) = -1 ENOENT (No such file or directory)
openat(AT_FDCWD, "/lib/x86_64-linux-gnu/libgcc_s.so.1", O_RDONLY|O_CLOEXEC) = 3
read(3, "\177ELF\2\1\1\0\0\0\0\0\0\0\0\0\3\0>\0\1\0\0\0\3405\0\0\0\0\0\0"..., 832) = 832
fstat(3, {st_mode=S_IFREG|0644, st_size=104984, ...}) = 0
mmap(NULL, 107592, PROT_READ, MAP_PRIVATE|MAP_DENYWRITE, 3, 0) = 0x7f447900e000
mmap(0x7f4479011000, 73728, PROT_READ|PROT_EXEC, MAP_PRIVATE|MAP_FIXED|MAP_DENYWRITE, 3, 0x3000) = 0x7f4479011000
mmap(0x7f4479023000, 16384, PROT_READ, MAP_PRIVATE|MAP_FIXED|MAP_DENYWRITE, 3, 0x15000) = 0x7f4479023000
mmap(0x7f4479027000, 8192, PROT_READ|PROT_WRITE, MAP_PRIVATE|MAP_FIXED|MAP_DENYWRITE, 3, 0x18000) = 0x7f4479027000
close(3)                                = 0
openat(AT_FDCWD, "/usr/local/ciao-4.13/lib/../lib/libreadline.so.6", O_RDONLY|O_CLOEXEC) = -1 ENOENT (No such file or directory)
openat(AT_FDCWD, "/usr/local/ciao-4.13/lib/../ots/lib/libreadline.so.6", O_RDONLY|O_CLOEXEC) = 3
read(3, "\177ELF\2\1\1\0\0\0\0\0\0\0\0\0\3\0>\0\1\0\0\0\340[\1\0\0\0\0\0"..., 832) = 832
fstat(3, {st_mode=S_IFREG|0555, st_size=351848, ...}) = 0
mmap(NULL, 8192, PROT_READ|PROT_WRITE, MAP_PRIVATE|MAP_ANONYMOUS, -1, 0) = 0x7f447900c000
mmap(NULL, 2408376, PROT_READ|PROT_EXEC, MAP_PRIVATE|MAP_DENYWRITE, 3, 0) = 0x7f4478dc0000
mprotect(0x7f4478e02000, 2097152, PROT_NONE) = 0
mmap(0x7f4479002000, 36864, PROT_READ|PROT_WRITE, MAP_PRIVATE|MAP_FIXED|MAP_DENYWRITE, 3, 0x42000) = 0x7f4479002000
mmap(0x7f447900b000, 4024, PROT_READ|PROT_WRITE, MAP_PRIVATE|MAP_FIXED|MAP_ANONYMOUS, -1, 0) = 0x7f447900b000
close(3)                                = 0
openat(AT_FDCWD, "/usr/local/ciao-4.13/lib/../lib/libhistory.so.6", O_RDONLY|O_CLOEXEC) = -1 ENOENT (No such file or directory)
openat(AT_FDCWD, "/usr/local/ciao-4.13/lib/../ots/lib/libhistory.so.6", O_RDONLY|O_CLOEXEC) = 3
read(3, "\177ELF\2\1\1\0\0\0\0\0\0\0\0\0\3\0>\0\1\0\0\0\360#\0\0\0\0\0\0"..., 832) = 832
fstat(3, {st_mode=S_IFREG|0555, st_size=46496, ...}) = 0
mmap(NULL, 2134896, PROT_READ|PROT_EXEC, MAP_PRIVATE|MAP_DENYWRITE, 3, 0) = 0x7f4478bb6000
mprotect(0x7f4478bbf000, 2093056, PROT_NONE) = 0
mmap(0x7f4478dbe000, 8192, PROT_READ|PROT_WRITE, MAP_PRIVATE|MAP_FIXED|MAP_DENYWRITE, 3, 0x8000) = 0x7f4478dbe000
close(3)                                = 0
openat(AT_FDCWD, "/usr/local/ciao-4.13/lib/../lib/libncursesw.so.5", O_RDONLY|O_CLOEXEC) = -1 ENOENT (No such file or directory)
openat(AT_FDCWD, "/usr/local/ciao-4.13/lib/../ots/lib/libncursesw.so.5", O_RDONLY|O_CLOEXEC) = 3
read(3, "\177ELF\2\1\1\0\0\0\0\0\0\0\0\0\3\0>\0\1\0\0\0P\205\0\0\0\0\0\0"..., 832) = 832
pread64(3, "\1\0\0\0\5\0\0\0\0\0\0\0\0\0\0\0\0\0\0\0\0\0\0\0\0\0\0\0\0\0\0\0"..., 392, 229376) = 392
fstat(3, {st_mode=S_IFREG|0555, st_size=234696, ...}) = 0
pread64(3, "\1\0\0\0\5\0\0\0\0\0\0\0\0\0\0\0\0\0\0\0\0\0\0\0\0\0\0\0\0\0\0\0"..., 392, 229376) = 392
mmap(NULL, 2303176, PROT_READ|PROT_EXEC, MAP_PRIVATE|MAP_DENYWRITE, 3, 0) = 0x7f4478983000
mprotect(0x7f44789b3000, 2101248, PROT_NONE) = 0
mmap(0x7f4478bb2000, 8192, PROT_READ|PROT_WRITE, MAP_PRIVATE|MAP_FIXED|MAP_DENYWRITE, 3, 0x2f000) = 0x7f4478bb2000
mmap(0x7f4478bb4000, 8192, PROT_READ|PROT_WRITE, MAP_PRIVATE|MAP_FIXED|MAP_DENYWRITE, 3, 0x38000) = 0x7f4478bb4000
close(3)                                = 0
openat(AT_FDCWD, "/usr/local/ciao-4.13/lib/../lib/libstk.so", O_RDONLY|O_CLOEXEC) = 3
read(3, "\177ELF\2\1\1\0\0\0\0\0\0\0\0\0\3\0>\0\1\0\0\0\320\21\0\0\0\0\0\0"..., 832) = 832
fstat(3, {st_mode=S_IFREG|0555, st_size=26456, ...}) = 0
mmap(NULL, 2117936, PROT_READ|PROT_EXEC, MAP_PRIVATE|MAP_DENYWRITE, 3, 0) = 0x7f447877d000
mprotect(0x7f4478781000, 2097152, PROT_NONE) = 0
mmap(0x7f4478981000, 8192, PROT_READ|PROT_WRITE, MAP_PRIVATE|MAP_FIXED|MAP_DENYWRITE, 3, 0x4000) = 0x7f4478981000
close(3)                                = 0
openat(AT_FDCWD, "/usr/local/ciao-4.13/lib/../ots/lib/../lib/tls/x86_64/x86_64/libncurses.so.5", O_RDONLY|O_CLOEXEC) = -1 ENOENT (No such file or directory)
stat("/usr/local/ciao-4.13/lib/../ots/lib/../lib/tls/x86_64/x86_64", 0x7ffd7ed99d30) = -1 ENOENT (No such file or directory)
openat(AT_FDCWD, "/usr/local/ciao-4.13/lib/../ots/lib/../lib/tls/x86_64/libncurses.so.5", O_RDONLY|O_CLOEXEC) = -1 ENOENT (No such file or directory)
stat("/usr/local/ciao-4.13/lib/../ots/lib/../lib/tls/x86_64", 0x7ffd7ed99d30) = -1 ENOENT (No such file or directory)
openat(AT_FDCWD, "/usr/local/ciao-4.13/lib/../ots/lib/../lib/tls/x86_64/libncurses.so.5", O_RDONLY|O_CLOEXEC) = -1 ENOENT (No such file or directory)
stat("/usr/local/ciao-4.13/lib/../ots/lib/../lib/tls/x86_64", 0x7ffd7ed99d30) = -1 ENOENT (No such file or directory)
openat(AT_FDCWD, "/usr/local/ciao-4.13/lib/../ots/lib/../lib/tls/libncurses.so.5", O_RDONLY|O_CLOEXEC) = -1 ENOENT (No such file or directory)
stat("/usr/local/ciao-4.13/lib/../ots/lib/../lib/tls", 0x7ffd7ed99d30) = -1 ENOENT (No such file or directory)
openat(AT_FDCWD, "/usr/local/ciao-4.13/lib/../ots/lib/../lib/x86_64/x86_64/libncurses.so.5", O_RDONLY|O_CLOEXEC) = -1 ENOENT (No such file or directory)
stat("/usr/local/ciao-4.13/lib/../ots/lib/../lib/x86_64/x86_64", 0x7ffd7ed99d30) = -1 ENOENT (No such file or directory)
openat(AT_FDCWD, "/usr/local/ciao-4.13/lib/../ots/lib/../lib/x86_64/libncurses.so.5", O_RDONLY|O_CLOEXEC) = -1 ENOENT (No such file or directory)
stat("/usr/local/ciao-4.13/lib/../ots/lib/../lib/x86_64", 0x7ffd7ed99d30) = -1 ENOENT (No such file or directory)
openat(AT_FDCWD, "/usr/local/ciao-4.13/lib/../ots/lib/../lib/x86_64/libncurses.so.5", O_RDONLY|O_CLOEXEC) = -1 ENOENT (No such file or directory)
stat("/usr/local/ciao-4.13/lib/../ots/lib/../lib/x86_64", 0x7ffd7ed99d30) = -1 ENOENT (No such file or directory)
openat(AT_FDCWD, "/usr/local/ciao-4.13/lib/../ots/lib/../lib/libncurses.so.5", O_RDONLY|O_CLOEXEC) = 3
read(3, "\177ELF\2\1\1\0\0\0\0\0\0\0\0\0\3\0>\0\1\0\0\0P\205\0\0\0\0\0\0"..., 832) = 832
pread64(3, "\1\0\0\0\5\0\0\0\0\0\0\0\0\0\0\0\0\0\0\0\0\0\0\0\0\0\0\0\0\0\0\0"..., 392, 229376) = 392
fstat(3, {st_mode=S_IFREG|0555, st_size=234696, ...}) = 0
close(3)                                = 0
openat(AT_FDCWD, "/usr/local/ciao-4.13/lib/../ots/lib/../lib/libtinfo.so.5", O_RDONLY|O_CLOEXEC) = 3
read(3, "\177ELF\2\1\1\0\0\0\0\0\0\0\0\0\3\0>\0\1\0\0\0 \340\0\0\0\0\0\0"..., 832) = 832
pread64(3, "\1\0\0\0\5\0\0\0\0\0\0\0\0\0\0\0\0\0\0\0\0\0\0\0\0\0\0\0\0\0\0\0"..., 392, 225280) = 392
fstat(3, {st_mode=S_IFREG|0555, st_size=229312, ...}) = 0
pread64(3, "\1\0\0\0\5\0\0\0\0\0\0\0\0\0\0\0\0\0\0\0\0\0\0\0\0\0\0\0\0\0\0\0"..., 392, 225280) = 392
mmap(NULL, 2305984, PROT_READ|PROT_EXEC, MAP_PRIVATE|MAP_DENYWRITE, 3, 0) = 0x7f447854a000
mprotect(0x7f4478578000, 2113536, PROT_NONE) = 0
mmap(0x7f4478777000, 20480, PROT_READ|PROT_WRITE, MAP_PRIVATE|MAP_FIXED|MAP_DENYWRITE, 3, 0x2d000) = 0x7f4478777000
mmap(0x7f447877c000, 4096, PROT_READ|PROT_WRITE, MAP_PRIVATE|MAP_FIXED|MAP_DENYWRITE, 3, 0x37000) = 0x7f447877c000
close(3)                                = 0
mmap(NULL, 8192, PROT_READ|PROT_WRITE, MAP_PRIVATE|MAP_ANONYMOUS, -1, 0) = 0x7f4478548000
mmap(NULL, 12288, PROT_READ|PROT_WRITE, MAP_PRIVATE|MAP_ANONYMOUS, -1, 0) = 0x7f4478545000
arch_prctl(ARCH_SET_FS, 0x7f4478545740) = 0
mprotect(0x7f447960d000, 12288, PROT_READ) = 0
mprotect(0x7f4478777000, 16384, PROT_READ) = 0
mprotect(0x7f4478981000, 4096, PROT_READ) = 0
mprotect(0x7f4478bb2000, 4096, PROT_READ) = 0
mprotect(0x7f4478dbe000, 4096, PROT_READ) = 0
mprotect(0x7f4479002000, 8192, PROT_READ) = 0
mprotect(0x7f4479027000, 4096, PROT_READ) = 0
mprotect(0x7f4479766000, 4096, PROT_READ) = 0
mprotect(0x7f44791f9000, 45056, PROT_READ) = 0
mprotect(0x7f447920e000, 4096, PROT_READ) = 0
mprotect(0x7f447942c000, 4096, PROT_READ) = 0
mprotect(0x7f4479b02000, 4096, PROT_READ) = 0
mprotect(0x7f4479ed9000, 4096, PROT_READ) = 0
mprotect(0x7f447a6fe000, 4096, PROT_READ) = 0
mprotect(0x7f447a125000, 4096, PROT_READ) = 0
mprotect(0x7f447a391000, 8192, PROT_READ) = 0
mprotect(0x5636394e3000, 4096, PROT_READ) = 0
mprotect(0x7f447a738000, 4096, PROT_READ) = 0
munmap(0x7f4479768000, 132787)          = 0
brk(NULL)                               = 0x563639869000
brk(0x56363988a000)                     = 0x56363988a000
brk(0x5636398ac000)                     = 0x5636398ac000
openat(AT_FDCWD, "../data/hz43/22749/tg_reprocess/hrcf22749N002_pha2.fits", O_RDONLY) = 3
fstat(3, {st_mode=S_IFREG|0664, st_size=2790720, ...}) = 0
read(3, "SIMPLE  =                    T /"..., 4096) = 4096
close(3)                                = 0
openat(AT_FDCWD, "../data/hz43/22749/tg_reprocess/hrcf22749N002_pha2.fits", O_RDONLY) = 3
lseek(3, 0, SEEK_CUR)                   = 0
fstat(3, {st_mode=S_IFREG|0664, st_size=2790720, ...}) = 0
fstat(3, {st_mode=S_IFREG|0664, st_size=2790720, ...}) = 0
lseek(3, 2789376, SEEK_SET)             = 2789376
read(3, ":\v2\317;\n\213\t\273\n\213\t\272\v2\317\272\v2\317:\v2\317\0\0\0\0\0\0\0\0"..., 1344) = 1344
lseek(3, 0, SEEK_SET)                   = 0
brk(0x5636398cf000)                     = 0x5636398cf000
read(3, "SIMPLE  =                    T /"..., 4096) = 4096
read(3, "   '           / Source name    "..., 4096) = 4096
read(3, " [mm] SIM defocus               "..., 4096) = 4096
read(3, "                        ASC00025"..., 4096) = 4096
read(3, "                TLMIN4  =       "..., 4096) = 4096
read(3, "BACKSCAL=        1.0000000E+00 /"..., 4096) = 4096
lseek(3, 2772992, SEEK_SET)             = 2772992
read(3, "?\373wwwwwb?\373fffffQ?\373UUUUU@?\373DDDDD/"..., 4096) = 4096
read(3, "e                               "..., 4096) = 4096
read(3, "                RA_PNT  =  1.990"..., 4096) = 4096
read(3, "TTYPE10 = 'TG_M    '           /"..., 4096) = 4096
brk(0x5636398f0000)                     = 0x5636398f0000
lseek(3, -1536, SEEK_CUR)               = 2787840
close(3)                                = 0
stat("/home/rpete/cxcds_param4/ardlib.par", {st_mode=S_IFREG|0664, st_size=7285, ...}) = 0
access("/home/rpete/cxcds_param4/ardlib.par", R_OK|W_OK) = 0
stat("/home/rpete/cxcds_param4/ardlib.par", {st_mode=S_IFREG|0664, st_size=7285, ...}) = 0
stat("/usr/local/ciao-4.13/contrib/param/ardlib.par", 0x7ffd7ed95540) = -1 ENOENT (No such file or directory)
stat("/usr/local/ciao-4.13/param/ardlib.par", {st_mode=S_IFREG|0444, st_size=7287, ...}) = 0
access("/usr/local/ciao-4.13/param/ardlib.par", R_OK) = 0
stat("/usr/local/ciao-4.13/param/ardlib.par", {st_mode=S_IFREG|0444, st_size=7287, ...}) = 0
stat("/home/rpete/cxcds_param4/ardlib.par", {st_mode=S_IFREG|0664, st_size=7285, ...}) = 0
access("/home/rpete/cxcds_param4/ardlib.par", R_OK|W_OK) = 0
stat("/home/rpete/cxcds_param4/ardlib.par", {st_mode=S_IFREG|0664, st_size=7285, ...}) = 0
access("/home/rpete/cxcds_param4/ardlib.par", R_OK) = 0
stat("/home/rpete/cxcds_param4/ardlib.par", {st_mode=S_IFREG|0664, st_size=7285, ...}) = 0
access("/home/rpete/cxcds_param4/ardlib.par", R_OK|W_OK) = 0
stat("/home/rpete/cxcds_param4/ardlib.par", {st_mode=S_IFREG|0664, st_size=7285, ...}) = 0
stat("/usr/local/ciao-4.13/contrib/param/ardlib.par", 0x7ffd7ed95540) = -1 ENOENT (No such file or directory)
stat("/usr/local/ciao-4.13/param/ardlib.par", {st_mode=S_IFREG|0444, st_size=7287, ...}) = 0
access("/usr/local/ciao-4.13/param/ardlib.par", R_OK) = 0
stat("/usr/local/ciao-4.13/param/ardlib.par", {st_mode=S_IFREG|0444, st_size=7287, ...}) = 0
stat("/home/rpete/cxcds_param4/ardlib.par", {st_mode=S_IFREG|0664, st_size=7285, ...}) = 0
access("/home/rpete/cxcds_param4/ardlib.par", R_OK|W_OK) = 0
stat("/home/rpete/cxcds_param4/ardlib.par", {st_mode=S_IFREG|0664, st_size=7285, ...}) = 0
access("/home/rpete/cxcds_param4/ardlib.par", R_OK) = 0
openat(AT_FDCWD, "/home/rpete/cxcds_param4/ardlib.par", O_RDONLY) = 3
fstat(3, {st_mode=S_IFREG|0664, st_size=7285, ...}) = 0
fstat(3, {st_mode=S_IFREG|0664, st_size=7285, ...}) = 0
read(3, "# Ardlib parameter file\n# Non-ab"..., 4096) = 4096
read(3, "----------------\nAXAF_ACIS0_CONT"..., 4096) = 3189
read(3, "", 4096)                       = 0
ioctl(0, TCGETS, {B38400 opost isig icanon echo ...}) = 0
ioctl(0, TCGETS, {B38400 opost isig icanon echo ...}) = 0
openat(AT_FDCWD, "/usr/local/ciao-4.13/CALDB", O_RDONLY) = 4
close(4)                                = 0
openat(AT_FDCWD, "/usr/local/ciao-4.13/CALDB/software/tools/caldb.config", O_RDONLY) = 4
close(4)                                = 0
openat(AT_FDCWD, "/usr/local/ciao-4.13/CALDB/software/tools/alias_config.fits", O_RDONLY) = 4
fstat(4, {st_mode=S_IFREG|0444, st_size=14400, ...}) = 0
read(4, "SIMPLE  =                    T /"..., 4096) = 4096
close(4)                                = 0
openat(AT_FDCWD, "/usr/local/ciao-4.13/CALDB/software/tools/alias_config.fits", O_RDONLY) = 4
lseek(4, 0, SEEK_CUR)                   = 0
fstat(4, {st_mode=S_IFREG|0444, st_size=14400, ...}) = 0
fstat(4, {st_mode=S_IFREG|0444, st_size=14400, ...}) = 0
lseek(4, 12288, SEEK_SET)               = 12288
read(4, "\0\0\0\0\0\0\0\0\0\0\0\0\0\0\0\0\0\0\0\0\0\0\0\0\0\0\0\0\0\0\0\0"..., 2112) = 2112
lseek(4, 0, SEEK_SET)                   = 0
read(4, "SIMPLE  =                    T /"..., 4096) = 4096
lseek(4, -1216, SEEK_CUR)               = 2880
close(4)                                = 0
openat(AT_FDCWD, "/usr/local/ciao-4.13/CALDB/software/tools/caldb.config", O_RDONLY) = 4
read(4, "# ------------------------------"..., 8191) = 8191
read(4, "ST LAT CALDB data/fermi/lat cald"..., 8191) = 3474
read(4, "", 8191)                       = 0
close(4)                                = 0
openat(AT_FDCWD, "/usr/local/ciao-4.13/CALDB/data/chandra/hrc/caldb.indx", O_RDONLY) = 4
close(4)                                = 0
openat(AT_FDCWD, "/usr/local/ciao-4.13/CALDB/data/chandra/hrc/key.config", O_RDONLY) = 4
close(4)                                = 0
openat(AT_FDCWD, "/usr/share/zoneinfo/UTC0", O_RDONLY|O_CLOEXEC) = -1 ENOENT (No such file or directory)
openat(AT_FDCWD, "/usr/local/ciao-4.13/CALDB/data/chandra/hrc/caldb.indx", O_RDONLY) = 4
fstat(4, {st_mode=S_IFREG|0444, st_size=282240, ...}) = 0
read(4, "SIMPLE  =                    T /"..., 4096) = 4096
close(4)                                = 0
openat(AT_FDCWD, "/usr/local/ciao-4.13/CALDB/data/chandra/hrc/caldb.indx", O_RDONLY) = 4
lseek(4, 0, SEEK_CUR)                   = 0
fstat(4, {st_mode=S_IFREG|0444, st_size=282240, ...}) = 0
fstat(4, {st_mode=S_IFREG|0444, st_size=282240, ...}) = 0
lseek(4, 278528, SEEK_SET)              = 278528
read(4, "-08HRC-S     LETG   LETGS spectr"..., 3712) = 3712
lseek(4, 0, SEEK_SET)                   = 0
read(4, "SIMPLE  =                    T /"..., 4096) = 4096
read(4, "   '           / data format of "..., 4096) = 4096
read(4, "                                "..., 4096) = 4096
mmap(NULL, 290816, PROT_READ|PROT_WRITE, MAP_PRIVATE|MAP_ANONYMOUS, -1, 0) = 0x7f44784fe000
read(4, "                                "..., 4096) = 4096
read(4, "grnd                            "..., 4096) = 4096
read(4, "ONE                             "..., 4096) = 4096
read(4, "                           NONE "..., 4096) = 4096
read(4, "RC-I     NONE   HRC-I stowed bac"..., 4096) = 4096
read(4, "    hrciD2017-01-01bkgrndN0001.f"..., 4096) = 4096
read(4, "                      NONE      "..., 4096) = 4096
read(4, "                                "..., 4096) = 4096
read(4, "                                "..., 4096) = 4096
read(4, "LOOKUP           AXIS(U)        "..., 4096) = 4096
read(4, "                                "..., 4096) = 4096
read(4, "   NONE                         "..., 4096) = 4096
read(4, "1212:00:00@\351VP\0\0\0\0002002-01-2612:0"..., 4096) = 4096
read(4, "                                "..., 4096) = 4096
read(4, "NE                              "..., 4096) = 4096
read(4, "                          NONE  "..., 4096) = 4096
read(4, "\0\0\0\0\0CHANDRA   HRC       ONLINE "..., 4096) = 4096
read(4, "                                "..., 4096) = 4096
read(4, "                     NONE       "..., 4096) = 4096
read(4, "                                "..., 4096) = 4096
read(4, "ta/chandra/hrc/gti_lim          "..., 4096) = 4096
read(4, "                NONE            "..., 4096) = 4096
read(4, "                                "..., 4096) = 4096
read(4, "  \0\1\0\0002020-12-08HRC-I     NONE  "..., 4096) = 4096
read(4, "                     hrciD2012-0"..., 4096) = 4096
read(4, "                                "..., 4096) = 4096
read(4, "E                               "..., 4096) = 4096
read(4, "fficiency                       "..., 4096) = 4096
read(4, "s             QE                "..., 4096) = 4096
read(4, "                                "..., 4096) = 4096
read(4, "                    NONE        "..., 4096) = 4096
read(4, "         2015-08-0900:00:00@\353\363`\0"..., 4096) = 4096
read(4, "                                "..., 4096) = 4096
read(4, "               NONE             "..., 4096) = 4096
read(4, "                                "..., 4096) = 4096
read(4, "      \0\0\0\0\0\0\0\0\0\0\0\0\0\0\0\0CHANDRA   "..., 4096) = 4096
read(4, "          NONE                  "..., 4096) = 4096
read(4, "                                "..., 4096) = 4096
read(4, "                                "..., 4096) = 4096
read(4, "E              data/chandra/hrc/"..., 4096) = 4096
read(4, "                                "..., 4096) = 4096
read(4, "                                "..., 4096) = 4096
read(4, "                   \0\2\0\0002020-12-0"..., 4096) = 4096
read(4, "                                "..., 4096) = 4096
read(4, "                                "..., 4096) = 4096
read(4, "              NONE              "..., 4096) = 4096
read(4, "   quantum efficiency uniformity"..., 4096) = 4096
read(4, "-01-01qeuN0014.fits            Q"..., 4096) = 4096
read(4, "         NONE                   "..., 4096) = 4096
read(4, "                                "..., 4096) = 4096
read(4, "                          2009-0"..., 4096) = 4096
read(4, "    CHIP_ID(2)                  "..., 4096) = 4096
read(4, "                                "..., 4096) = 4096
read(4, "                                "..., 4096) = 4096
read(4, "\0\0\0\0\0                  \0\0\0\0\0\0\0\0\0"..., 4096) = 4096
read(4, "                           NONE "..., 4096) = 4096
read(4, "                                "..., 4096) = 4096
read(4, "             NONE               "..., 4096) = 4096
read(4, "  HRC       ONLINE              "..., 4096) = 4096
read(4, "                                "..., 4096) = 4096
read(4, "        NONE                    "..., 4096) = 4096
read(4, "                                "..., 4096) = 4096
read(4, "c/rmf                           "..., 4096) = 4096
read(4, "   NONE                         "..., 4096) = 4096
read(4, "                               N"..., 4096) = 4096
read(4, "-08HRC-S     LETG   LETGS spectr"..., 4096) = 3712
lseek(4, 8192, SEEK_SET)                = 8192
read(4, "                                "..., 4096) = 4096
read(4, "                                "..., 4096) = 4096
read(4, "grnd                            "..., 4096) = 4096
read(4, "ONE                             "..., 4096) = 4096
read(4, "                           NONE "..., 4096) = 4096
read(4, "RC-I     NONE   HRC-I stowed bac"..., 4096) = 4096
read(4, "    hrciD2017-01-01bkgrndN0001.f"..., 4096) = 4096
read(4, "                      NONE      "..., 4096) = 4096
read(4, "                                "..., 4096) = 4096
read(4, "                                "..., 4096) = 4096
read(4, "LOOKUP           AXIS(U)        "..., 4096) = 4096
read(4, "                                "..., 4096) = 4096
read(4, "   NONE                         "..., 4096) = 4096
read(4, "1212:00:00@\351VP\0\0\0\0002002-01-2612:0"..., 4096) = 4096
read(4, "                                "..., 4096) = 4096
read(4, "NE                              "..., 4096) = 4096
read(4, "                          NONE  "..., 4096) = 4096
read(4, "\0\0\0\0\0CHANDRA   HRC       ONLINE "..., 4096) = 4096
read(4, "                                "..., 4096) = 4096
read(4, "                     NONE       "..., 4096) = 4096
read(4, "                                "..., 4096) = 4096
read(4, "ta/chandra/hrc/gti_lim          "..., 4096) = 4096
read(4, "                NONE            "..., 4096) = 4096
read(4, "                                "..., 4096) = 4096
read(4, "  \0\1\0\0002020-12-08HRC-I     NONE  "..., 4096) = 4096
read(4, "                     hrciD2012-0"..., 4096) = 4096
read(4, "                                "..., 4096) = 4096
read(4, "E                               "..., 4096) = 4096
read(4, "fficiency                       "..., 4096) = 4096
read(4, "s             QE                "..., 4096) = 4096
read(4, "                                "..., 4096) = 4096
read(4, "                    NONE        "..., 4096) = 4096
read(4, "         2015-08-0900:00:00@\353\363`\0"..., 4096) = 4096
read(4, "                                "..., 4096) = 4096
read(4, "               NONE             "..., 4096) = 4096
read(4, "                                "..., 4096) = 4096
read(4, "      \0\0\0\0\0\0\0\0\0\0\0\0\0\0\0\0CHANDRA   "..., 4096) = 4096
read(4, "          NONE                  "..., 4096) = 4096
read(4, "                                "..., 4096) = 4096
read(4, "                                "..., 4096) = 4096
read(4, "E              data/chandra/hrc/"..., 4096) = 4096
read(4, "                                "..., 4096) = 4096
read(4, "                                "..., 4096) = 4096
read(4, "                   \0\2\0\0002020-12-0"..., 4096) = 4096
read(4, "                                "..., 4096) = 4096
read(4, "                                "..., 4096) = 4096
read(4, "              NONE              "..., 4096) = 4096
read(4, "   quantum efficiency uniformity"..., 4096) = 4096
read(4, "-01-01qeuN0014.fits            Q"..., 4096) = 4096
read(4, "         NONE                   "..., 4096) = 4096
read(4, "                                "..., 4096) = 4096
read(4, "                          2009-0"..., 4096) = 4096
read(4, "    CHIP_ID(2)                  "..., 4096) = 4096
read(4, "                                "..., 4096) = 4096
read(4, "                                "..., 4096) = 4096
read(4, "\0\0\0\0\0                  \0\0\0\0\0\0\0\0\0"..., 4096) = 4096
read(4, "                           NONE "..., 4096) = 4096
read(4, "                                "..., 4096) = 4096
read(4, "             NONE               "..., 4096) = 4096
read(4, "  HRC       ONLINE              "..., 4096) = 4096
read(4, "                                "..., 4096) = 4096
read(4, "        NONE                    "..., 4096) = 4096
read(4, "                                "..., 4096) = 4096
read(4, "c/rmf                           "..., 4096) = 4096
read(4, "   NONE                         "..., 4096) = 4096
read(4, "                               N"..., 4096) = 4096
read(4, "-08HRC-S     LETG   LETGS spectr"..., 4096) = 3712
lseek(4, 8192, SEEK_SET)                = 8192
read(4, "                                "..., 4096) = 4096
read(4, "                                "..., 4096) = 4096
read(4, "grnd                            "..., 4096) = 4096
read(4, "ONE                             "..., 4096) = 4096
read(4, "                           NONE "..., 4096) = 4096
read(4, "RC-I     NONE   HRC-I stowed bac"..., 4096) = 4096
read(4, "    hrciD2017-01-01bkgrndN0001.f"..., 4096) = 4096
read(4, "                      NONE      "..., 4096) = 4096
read(4, "                                "..., 4096) = 4096
read(4, "                                "..., 4096) = 4096
read(4, "LOOKUP           AXIS(U)        "..., 4096) = 4096
read(4, "                                "..., 4096) = 4096
read(4, "   NONE                         "..., 4096) = 4096
read(4, "1212:00:00@\351VP\0\0\0\0002002-01-2612:0"..., 4096) = 4096
read(4, "                                "..., 4096) = 4096
read(4, "NE                              "..., 4096) = 4096
read(4, "                          NONE  "..., 4096) = 4096
read(4, "\0\0\0\0\0CHANDRA   HRC       ONLINE "..., 4096) = 4096
read(4, "                                "..., 4096) = 4096
read(4, "                     NONE       "..., 4096) = 4096
read(4, "                                "..., 4096) = 4096
read(4, "ta/chandra/hrc/gti_lim          "..., 4096) = 4096
read(4, "                NONE            "..., 4096) = 4096
read(4, "                                "..., 4096) = 4096
read(4, "  \0\1\0\0002020-12-08HRC-I     NONE  "..., 4096) = 4096
read(4, "                     hrciD2012-0"..., 4096) = 4096
read(4, "                                "..., 4096) = 4096
read(4, "E                               "..., 4096) = 4096
read(4, "fficiency                       "..., 4096) = 4096
read(4, "s             QE                "..., 4096) = 4096
read(4, "                                "..., 4096) = 4096
read(4, "                    NONE        "..., 4096) = 4096
read(4, "         2015-08-0900:00:00@\353\363`\0"..., 4096) = 4096
read(4, "                                "..., 4096) = 4096
read(4, "               NONE             "..., 4096) = 4096
read(4, "                                "..., 4096) = 4096
read(4, "      \0\0\0\0\0\0\0\0\0\0\0\0\0\0\0\0CHANDRA   "..., 4096) = 4096
read(4, "          NONE                  "..., 4096) = 4096
read(4, "                                "..., 4096) = 4096
read(4, "                                "..., 4096) = 4096
read(4, "E              data/chandra/hrc/"..., 4096) = 4096
read(4, "                                "..., 4096) = 4096
read(4, "                                "..., 4096) = 4096
read(4, "                   \0\2\0\0002020-12-0"..., 4096) = 4096
read(4, "                                "..., 4096) = 4096
read(4, "                                "..., 4096) = 4096
read(4, "              NONE              "..., 4096) = 4096
read(4, "   quantum efficiency uniformity"..., 4096) = 4096
read(4, "-01-01qeuN0014.fits            Q"..., 4096) = 4096
read(4, "         NONE                   "..., 4096) = 4096
read(4, "                                "..., 4096) = 4096
read(4, "                          2009-0"..., 4096) = 4096
read(4, "    CHIP_ID(2)                  "..., 4096) = 4096
read(4, "                                "..., 4096) = 4096
read(4, "                                "..., 4096) = 4096
read(4, "\0\0\0\0\0                  \0\0\0\0\0\0\0\0\0"..., 4096) = 4096
read(4, "                           NONE "..., 4096) = 4096
read(4, "                                "..., 4096) = 4096
read(4, "             NONE               "..., 4096) = 4096
read(4, "  HRC       ONLINE              "..., 4096) = 4096
read(4, "                                "..., 4096) = 4096
read(4, "        NONE                    "..., 4096) = 4096
read(4, "                                "..., 4096) = 4096
read(4, "c/rmf                           "..., 4096) = 4096
read(4, "   NONE                         "..., 4096) = 4096
read(4, "                               N"..., 4096) = 4096
read(4, "-08HRC-S     LETG   LETGS spectr"..., 4096) = 3712
lseek(4, 8192, SEEK_SET)                = 8192
read(4, "                                "..., 4096) = 4096
read(4, "                                "..., 4096) = 4096
read(4, "grnd                            "..., 4096) = 4096
read(4, "ONE                             "..., 4096) = 4096
read(4, "                           NONE "..., 4096) = 4096
read(4, "RC-I     NONE   HRC-I stowed bac"..., 4096) = 4096
read(4, "    hrciD2017-01-01bkgrndN0001.f"..., 4096) = 4096
read(4, "                      NONE      "..., 4096) = 4096
read(4, "                                "..., 4096) = 4096
read(4, "                                "..., 4096) = 4096
read(4, "LOOKUP           AXIS(U)        "..., 4096) = 4096
read(4, "                                "..., 4096) = 4096
read(4, "   NONE                         "..., 4096) = 4096
read(4, "1212:00:00@\351VP\0\0\0\0002002-01-2612:0"..., 4096) = 4096
read(4, "                                "..., 4096) = 4096
read(4, "NE                              "..., 4096) = 4096
read(4, "                          NONE  "..., 4096) = 4096
read(4, "\0\0\0\0\0CHANDRA   HRC       ONLINE "..., 4096) = 4096
read(4, "                                "..., 4096) = 4096
read(4, "                     NONE       "..., 4096) = 4096
read(4, "                                "..., 4096) = 4096
read(4, "ta/chandra/hrc/gti_lim          "..., 4096) = 4096
read(4, "                NONE            "..., 4096) = 4096
read(4, "                                "..., 4096) = 4096
read(4, "  \0\1\0\0002020-12-08HRC-I     NONE  "..., 4096) = 4096
read(4, "                     hrciD2012-0"..., 4096) = 4096
read(4, "                                "..., 4096) = 4096
read(4, "E                               "..., 4096) = 4096
read(4, "fficiency                       "..., 4096) = 4096
read(4, "s             QE                "..., 4096) = 4096
read(4, "                                "..., 4096) = 4096
read(4, "                    NONE        "..., 4096) = 4096
read(4, "         2015-08-0900:00:00@\353\363`\0"..., 4096) = 4096
read(4, "                                "..., 4096) = 4096
read(4, "               NONE             "..., 4096) = 4096
read(4, "                                "..., 4096) = 4096
read(4, "      \0\0\0\0\0\0\0\0\0\0\0\0\0\0\0\0CHANDRA   "..., 4096) = 4096
read(4, "          NONE                  "..., 4096) = 4096
read(4, "                                "..., 4096) = 4096
read(4, "                                "..., 4096) = 4096
read(4, "E              data/chandra/hrc/"..., 4096) = 4096
read(4, "                                "..., 4096) = 4096
read(4, "                                "..., 4096) = 4096
read(4, "                   \0\2\0\0002020-12-0"..., 4096) = 4096
read(4, "                                "..., 4096) = 4096
read(4, "                                "..., 4096) = 4096
read(4, "              NONE              "..., 4096) = 4096
read(4, "   quantum efficiency uniformity"..., 4096) = 4096
read(4, "-01-01qeuN0014.fits            Q"..., 4096) = 4096
read(4, "         NONE                   "..., 4096) = 4096
read(4, "                                "..., 4096) = 4096
read(4, "                          2009-0"..., 4096) = 4096
read(4, "    CHIP_ID(2)                  "..., 4096) = 4096
read(4, "                                "..., 4096) = 4096
read(4, "                                "..., 4096) = 4096
read(4, "\0\0\0\0\0                  \0\0\0\0\0\0\0\0\0"..., 4096) = 4096
read(4, "                           NONE "..., 4096) = 4096
read(4, "                                "..., 4096) = 4096
read(4, "             NONE               "..., 4096) = 4096
read(4, "  HRC       ONLINE              "..., 4096) = 4096
read(4, "                                "..., 4096) = 4096
read(4, "        NONE                    "..., 4096) = 4096
read(4, "                                "..., 4096) = 4096
read(4, "c/rmf                           "..., 4096) = 4096
read(4, "   NONE                         "..., 4096) = 4096
read(4, "                               N"..., 4096) = 4096
read(4, "-08HRC-S     LETG   LETGS spectr"..., 4096) = 3712
lseek(4, 8192, SEEK_SET)                = 8192
read(4, "                                "..., 4096) = 4096
read(4, "                                "..., 4096) = 4096
read(4, "grnd                            "..., 4096) = 4096
read(4, "ONE                             "..., 4096) = 4096
read(4, "                           NONE "..., 4096) = 4096
read(4, "RC-I     NONE   HRC-I stowed bac"..., 4096) = 4096
read(4, "    hrciD2017-01-01bkgrndN0001.f"..., 4096) = 4096
read(4, "                      NONE      "..., 4096) = 4096
read(4, "                                "..., 4096) = 4096
read(4, "                                "..., 4096) = 4096
read(4, "LOOKUP           AXIS(U)        "..., 4096) = 4096
read(4, "                                "..., 4096) = 4096
read(4, "   NONE                         "..., 4096) = 4096
read(4, "1212:00:00@\351VP\0\0\0\0002002-01-2612:0"..., 4096) = 4096
read(4, "                                "..., 4096) = 4096
read(4, "NE                              "..., 4096) = 4096
read(4, "                          NONE  "..., 4096) = 4096
read(4, "\0\0\0\0\0CHANDRA   HRC       ONLINE "..., 4096) = 4096
read(4, "                                "..., 4096) = 4096
read(4, "                     NONE       "..., 4096) = 4096
read(4, "                                "..., 4096) = 4096
read(4, "ta/chandra/hrc/gti_lim          "..., 4096) = 4096
read(4, "                NONE            "..., 4096) = 4096
read(4, "                                "..., 4096) = 4096
read(4, "  \0\1\0\0002020-12-08HRC-I     NONE  "..., 4096) = 4096
read(4, "                     hrciD2012-0"..., 4096) = 4096
read(4, "                                "..., 4096) = 4096
read(4, "E                               "..., 4096) = 4096
read(4, "fficiency                       "..., 4096) = 4096
read(4, "s             QE                "..., 4096) = 4096
read(4, "                                "..., 4096) = 4096
read(4, "                    NONE        "..., 4096) = 4096
read(4, "         2015-08-0900:00:00@\353\363`\0"..., 4096) = 4096
read(4, "                                "..., 4096) = 4096
read(4, "               NONE             "..., 4096) = 4096
read(4, "                                "..., 4096) = 4096
read(4, "      \0\0\0\0\0\0\0\0\0\0\0\0\0\0\0\0CHANDRA   "..., 4096) = 4096
read(4, "          NONE                  "..., 4096) = 4096
read(4, "                                "..., 4096) = 4096
read(4, "                                "..., 4096) = 4096
read(4, "E              data/chandra/hrc/"..., 4096) = 4096
read(4, "                                "..., 4096) = 4096
read(4, "                                "..., 4096) = 4096
read(4, "                   \0\2\0\0002020-12-0"..., 4096) = 4096
read(4, "                                "..., 4096) = 4096
read(4, "                                "..., 4096) = 4096
read(4, "              NONE              "..., 4096) = 4096
read(4, "   quantum efficiency uniformity"..., 4096) = 4096
read(4, "-01-01qeuN0014.fits            Q"..., 4096) = 4096
read(4, "         NONE                   "..., 4096) = 4096
read(4, "                                "..., 4096) = 4096
read(4, "                          2009-0"..., 4096) = 4096
read(4, "    CHIP_ID(2)                  "..., 4096) = 4096
read(4, "                                "..., 4096) = 4096
read(4, "                                "..., 4096) = 4096
read(4, "\0\0\0\0\0                  \0\0\0\0\0\0\0\0\0"..., 4096) = 4096
read(4, "                           NONE "..., 4096) = 4096
read(4, "                                "..., 4096) = 4096
read(4, "             NONE               "..., 4096) = 4096
read(4, "  HRC       ONLINE              "..., 4096) = 4096
read(4, "                                "..., 4096) = 4096
read(4, "        NONE                    "..., 4096) = 4096
read(4, "                                "..., 4096) = 4096
read(4, "c/rmf                           "..., 4096) = 4096
read(4, "   NONE                         "..., 4096) = 4096
read(4, "                               N"..., 4096) = 4096
read(4, "-08HRC-S     LETG   LETGS spectr"..., 4096) = 3712
lseek(4, 8192, SEEK_SET)                = 8192
read(4, "                                "..., 4096) = 4096
read(4, "                                "..., 4096) = 4096
read(4, "grnd                            "..., 4096) = 4096
read(4, "ONE                             "..., 4096) = 4096
read(4, "                           NONE "..., 4096) = 4096
read(4, "RC-I     NONE   HRC-I stowed bac"..., 4096) = 4096
read(4, "    hrciD2017-01-01bkgrndN0001.f"..., 4096) = 4096
read(4, "                      NONE      "..., 4096) = 4096
read(4, "                                "..., 4096) = 4096
read(4, "                                "..., 4096) = 4096
read(4, "LOOKUP           AXIS(U)        "..., 4096) = 4096
read(4, "                                "..., 4096) = 4096
read(4, "   NONE                         "..., 4096) = 4096
read(4, "1212:00:00@\351VP\0\0\0\0002002-01-2612:0"..., 4096) = 4096
read(4, "                                "..., 4096) = 4096
read(4, "NE                              "..., 4096) = 4096
read(4, "                          NONE  "..., 4096) = 4096
read(4, "\0\0\0\0\0CHANDRA   HRC       ONLINE "..., 4096) = 4096
read(4, "                                "..., 4096) = 4096
read(4, "                     NONE       "..., 4096) = 4096
read(4, "                                "..., 4096) = 4096
read(4, "ta/chandra/hrc/gti_lim          "..., 4096) = 4096
read(4, "                NONE            "..., 4096) = 4096
read(4, "                                "..., 4096) = 4096
read(4, "  \0\1\0\0002020-12-08HRC-I     NONE  "..., 4096) = 4096
read(4, "                     hrciD2012-0"..., 4096) = 4096
read(4, "                                "..., 4096) = 4096
read(4, "E                               "..., 4096) = 4096
read(4, "fficiency                       "..., 4096) = 4096
read(4, "s             QE                "..., 4096) = 4096
read(4, "                                "..., 4096) = 4096
read(4, "                    NONE        "..., 4096) = 4096
read(4, "         2015-08-0900:00:00@\353\363`\0"..., 4096) = 4096
read(4, "                                "..., 4096) = 4096
read(4, "               NONE             "..., 4096) = 4096
read(4, "                                "..., 4096) = 4096
read(4, "      \0\0\0\0\0\0\0\0\0\0\0\0\0\0\0\0CHANDRA   "..., 4096) = 4096
read(4, "          NONE                  "..., 4096) = 4096
read(4, "                                "..., 4096) = 4096
read(4, "                                "..., 4096) = 4096
read(4, "E              data/chandra/hrc/"..., 4096) = 4096
read(4, "                                "..., 4096) = 4096
read(4, "                                "..., 4096) = 4096
read(4, "                   \0\2\0\0002020-12-0"..., 4096) = 4096
read(4, "                                "..., 4096) = 4096
read(4, "                                "..., 4096) = 4096
read(4, "              NONE              "..., 4096) = 4096
read(4, "   quantum efficiency uniformity"..., 4096) = 4096
read(4, "-01-01qeuN0014.fits            Q"..., 4096) = 4096
read(4, "         NONE                   "..., 4096) = 4096
read(4, "                                "..., 4096) = 4096
read(4, "                          2009-0"..., 4096) = 4096
read(4, "    CHIP_ID(2)                  "..., 4096) = 4096
read(4, "                                "..., 4096) = 4096
read(4, "                                "..., 4096) = 4096
read(4, "\0\0\0\0\0                  \0\0\0\0\0\0\0\0\0"..., 4096) = 4096
read(4, "                           NONE "..., 4096) = 4096
read(4, "                                "..., 4096) = 4096
read(4, "             NONE               "..., 4096) = 4096
read(4, "  HRC       ONLINE              "..., 4096) = 4096
read(4, "                                "..., 4096) = 4096
read(4, "        NONE                    "..., 4096) = 4096
read(4, "                                "..., 4096) = 4096
read(4, "c/rmf                           "..., 4096) = 4096
read(4, "   NONE                         "..., 4096) = 4096
read(4, "                               N"..., 4096) = 4096
read(4, "-08HRC-S     LETG   LETGS spectr"..., 4096) = 3712
lseek(4, 8192, SEEK_SET)                = 8192
read(4, "                                "..., 4096) = 4096
read(4, "                                "..., 4096) = 4096
read(4, "grnd                            "..., 4096) = 4096
read(4, "ONE                             "..., 4096) = 4096
read(4, "                           NONE "..., 4096) = 4096
read(4, "RC-I     NONE   HRC-I stowed bac"..., 4096) = 4096
read(4, "    hrciD2017-01-01bkgrndN0001.f"..., 4096) = 4096
read(4, "                      NONE      "..., 4096) = 4096
read(4, "                                "..., 4096) = 4096
read(4, "                                "..., 4096) = 4096
read(4, "LOOKUP           AXIS(U)        "..., 4096) = 4096
read(4, "                                "..., 4096) = 4096
read(4, "   NONE                         "..., 4096) = 4096
read(4, "1212:00:00@\351VP\0\0\0\0002002-01-2612:0"..., 4096) = 4096
read(4, "                                "..., 4096) = 4096
read(4, "NE                              "..., 4096) = 4096
read(4, "                          NONE  "..., 4096) = 4096
read(4, "\0\0\0\0\0CHANDRA   HRC       ONLINE "..., 4096) = 4096
read(4, "                                "..., 4096) = 4096
read(4, "                     NONE       "..., 4096) = 4096
read(4, "                                "..., 4096) = 4096
read(4, "ta/chandra/hrc/gti_lim          "..., 4096) = 4096
read(4, "                NONE            "..., 4096) = 4096
read(4, "                                "..., 4096) = 4096
read(4, "  \0\1\0\0002020-12-08HRC-I     NONE  "..., 4096) = 4096
read(4, "                     hrciD2012-0"..., 4096) = 4096
read(4, "                                "..., 4096) = 4096
read(4, "E                               "..., 4096) = 4096
read(4, "fficiency                       "..., 4096) = 4096
read(4, "s             QE                "..., 4096) = 4096
brk(0x563639911000)                     = 0x563639911000
read(4, "                                "..., 4096) = 4096
read(4, "                    NONE        "..., 4096) = 4096
read(4, "         2015-08-0900:00:00@\353\363`\0"..., 4096) = 4096
read(4, "                                "..., 4096) = 4096
read(4, "               NONE             "..., 4096) = 4096
read(4, "                                "..., 4096) = 4096
read(4, "      \0\0\0\0\0\0\0\0\0\0\0\0\0\0\0\0CHANDRA   "..., 4096) = 4096
read(4, "          NONE                  "..., 4096) = 4096
read(4, "                                "..., 4096) = 4096
read(4, "                                "..., 4096) = 4096
read(4, "E              data/chandra/hrc/"..., 4096) = 4096
read(4, "                                "..., 4096) = 4096
read(4, "                                "..., 4096) = 4096
read(4, "                   \0\2\0\0002020-12-0"..., 4096) = 4096
read(4, "                                "..., 4096) = 4096
read(4, "                                "..., 4096) = 4096
read(4, "              NONE              "..., 4096) = 4096
read(4, "   quantum efficiency uniformity"..., 4096) = 4096
read(4, "-01-01qeuN0014.fits            Q"..., 4096) = 4096
read(4, "         NONE                   "..., 4096) = 4096
read(4, "                                "..., 4096) = 4096
read(4, "                          2009-0"..., 4096) = 4096
read(4, "    CHIP_ID(2)                  "..., 4096) = 4096
read(4, "                                "..., 4096) = 4096
read(4, "                                "..., 4096) = 4096
read(4, "\0\0\0\0\0                  \0\0\0\0\0\0\0\0\0"..., 4096) = 4096
read(4, "                           NONE "..., 4096) = 4096
read(4, "                                "..., 4096) = 4096
read(4, "             NONE               "..., 4096) = 4096
read(4, "  HRC       ONLINE              "..., 4096) = 4096
read(4, "                                "..., 4096) = 4096
read(4, "        NONE                    "..., 4096) = 4096
read(4, "                                "..., 4096) = 4096
read(4, "c/rmf                           "..., 4096) = 4096
read(4, "   NONE                         "..., 4096) = 4096
read(4, "                               N"..., 4096) = 4096
read(4, "-08HRC-S     LETG   LETGS spectr"..., 4096) = 3712
lseek(4, 8192, SEEK_SET)                = 8192
read(4, "                                "..., 4096) = 4096
read(4, "                                "..., 4096) = 4096
lseek(4, 4096, SEEK_SET)                = 4096
read(4, "   '           / data format of "..., 4096) = 4096
read(4, "                                "..., 4096) = 4096
lseek(4, 0, SEEK_SET)                   = 0
read(4, "SIMPLE  =                    T /"..., 4096) = 4096
read(4, "   '           / data format of "..., 4096) = 4096
lseek(4, 12288, SEEK_SET)               = 12288
read(4, "                                "..., 4096) = 4096
read(4, "grnd                            "..., 4096) = 4096
read(4, "ONE                             "..., 4096) = 4096
read(4, "                           NONE "..., 4096) = 4096
read(4, "RC-I     NONE   HRC-I stowed bac"..., 4096) = 4096
read(4, "    hrciD2017-01-01bkgrndN0001.f"..., 4096) = 4096
read(4, "                      NONE      "..., 4096) = 4096
read(4, "                                "..., 4096) = 4096
read(4, "                                "..., 4096) = 4096
read(4, "LOOKUP           AXIS(U)        "..., 4096) = 4096
read(4, "                                "..., 4096) = 4096
read(4, "   NONE                         "..., 4096) = 4096
read(4, "1212:00:00@\351VP\0\0\0\0002002-01-2612:0"..., 4096) = 4096
read(4, "                                "..., 4096) = 4096
read(4, "NE                              "..., 4096) = 4096
read(4, "                          NONE  "..., 4096) = 4096
read(4, "\0\0\0\0\0CHANDRA   HRC       ONLINE "..., 4096) = 4096
read(4, "                                "..., 4096) = 4096
read(4, "                     NONE       "..., 4096) = 4096
read(4, "                                "..., 4096) = 4096
read(4, "ta/chandra/hrc/gti_lim          "..., 4096) = 4096
read(4, "                NONE            "..., 4096) = 4096
read(4, "                                "..., 4096) = 4096
read(4, "  \0\1\0\0002020-12-08HRC-I     NONE  "..., 4096) = 4096
read(4, "                     hrciD2012-0"..., 4096) = 4096
read(4, "                                "..., 4096) = 4096
read(4, "E                               "..., 4096) = 4096
read(4, "fficiency                       "..., 4096) = 4096
read(4, "s             QE                "..., 4096) = 4096
read(4, "                                "..., 4096) = 4096
read(4, "                    NONE        "..., 4096) = 4096
read(4, "         2015-08-0900:00:00@\353\363`\0"..., 4096) = 4096
read(4, "                                "..., 4096) = 4096
read(4, "               NONE             "..., 4096) = 4096
read(4, "                                "..., 4096) = 4096
read(4, "      \0\0\0\0\0\0\0\0\0\0\0\0\0\0\0\0CHANDRA   "..., 4096) = 4096
read(4, "          NONE                  "..., 4096) = 4096
read(4, "                                "..., 4096) = 4096
read(4, "                                "..., 4096) = 4096
read(4, "E              data/chandra/hrc/"..., 4096) = 4096
read(4, "                                "..., 4096) = 4096
read(4, "                                "..., 4096) = 4096
read(4, "                   \0\2\0\0002020-12-0"..., 4096) = 4096
read(4, "                                "..., 4096) = 4096
read(4, "                                "..., 4096) = 4096
read(4, "              NONE              "..., 4096) = 4096
read(4, "   quantum efficiency uniformity"..., 4096) = 4096
read(4, "-01-01qeuN0014.fits            Q"..., 4096) = 4096
read(4, "         NONE                   "..., 4096) = 4096
read(4, "                                "..., 4096) = 4096
read(4, "                          2009-0"..., 4096) = 4096
read(4, "    CHIP_ID(2)                  "..., 4096) = 4096
read(4, "                                "..., 4096) = 4096
read(4, "                                "..., 4096) = 4096
read(4, "\0\0\0\0\0                  \0\0\0\0\0\0\0\0\0"..., 4096) = 4096
read(4, "                           NONE "..., 4096) = 4096
read(4, "                                "..., 4096) = 4096
read(4, "             NONE               "..., 4096) = 4096
read(4, "  HRC       ONLINE              "..., 4096) = 4096
read(4, "                                "..., 4096) = 4096
read(4, "        NONE                    "..., 4096) = 4096
read(4, "                                "..., 4096) = 4096
read(4, "c/rmf                           "..., 4096) = 4096
read(4, "   NONE                         "..., 4096) = 4096
read(4, "                               N"..., 4096) = 4096
read(4, "-08HRC-S     LETG   LETGS spectr"..., 4096) = 3712
lseek(4, 8192, SEEK_SET)                = 8192
read(4, "                                "..., 4096) = 4096
read(4, "                                "..., 4096) = 4096
read(4, "grnd                            "..., 4096) = 4096
read(4, "ONE                             "..., 4096) = 4096
read(4, "                           NONE "..., 4096) = 4096
read(4, "RC-I     NONE   HRC-I stowed bac"..., 4096) = 4096
read(4, "    hrciD2017-01-01bkgrndN0001.f"..., 4096) = 4096
read(4, "                      NONE      "..., 4096) = 4096
read(4, "                                "..., 4096) = 4096
read(4, "                                "..., 4096) = 4096
read(4, "LOOKUP           AXIS(U)        "..., 4096) = 4096
read(4, "                                "..., 4096) = 4096
read(4, "   NONE                         "..., 4096) = 4096
read(4, "1212:00:00@\351VP\0\0\0\0002002-01-2612:0"..., 4096) = 4096
read(4, "                                "..., 4096) = 4096
read(4, "NE                              "..., 4096) = 4096
read(4, "                          NONE  "..., 4096) = 4096
read(4, "\0\0\0\0\0CHANDRA   HRC       ONLINE "..., 4096) = 4096
read(4, "                                "..., 4096) = 4096
read(4, "                     NONE       "..., 4096) = 4096
read(4, "                                "..., 4096) = 4096
read(4, "ta/chandra/hrc/gti_lim          "..., 4096) = 4096
read(4, "                NONE            "..., 4096) = 4096
read(4, "                                "..., 4096) = 4096
read(4, "  \0\1\0\0002020-12-08HRC-I     NONE  "..., 4096) = 4096
read(4, "                     hrciD2012-0"..., 4096) = 4096
read(4, "                                "..., 4096) = 4096
read(4, "E                               "..., 4096) = 4096
read(4, "fficiency                       "..., 4096) = 4096
read(4, "s             QE                "..., 4096) = 4096
read(4, "                                "..., 4096) = 4096
read(4, "                    NONE        "..., 4096) = 4096
read(4, "         2015-08-0900:00:00@\353\363`\0"..., 4096) = 4096
read(4, "                                "..., 4096) = 4096
read(4, "               NONE             "..., 4096) = 4096
read(4, "                                "..., 4096) = 4096
read(4, "      \0\0\0\0\0\0\0\0\0\0\0\0\0\0\0\0CHANDRA   "..., 4096) = 4096
read(4, "          NONE                  "..., 4096) = 4096
read(4, "                                "..., 4096) = 4096
read(4, "                                "..., 4096) = 4096
read(4, "E              data/chandra/hrc/"..., 4096) = 4096
read(4, "                                "..., 4096) = 4096
read(4, "                                "..., 4096) = 4096
read(4, "                   \0\2\0\0002020-12-0"..., 4096) = 4096
read(4, "                                "..., 4096) = 4096
read(4, "                                "..., 4096) = 4096
read(4, "              NONE              "..., 4096) = 4096
read(4, "   quantum efficiency uniformity"..., 4096) = 4096
read(4, "-01-01qeuN0014.fits            Q"..., 4096) = 4096
read(4, "         NONE                   "..., 4096) = 4096
read(4, "                                "..., 4096) = 4096
read(4, "                          2009-0"..., 4096) = 4096
read(4, "    CHIP_ID(2)                  "..., 4096) = 4096
read(4, "                                "..., 4096) = 4096
read(4, "                                "..., 4096) = 4096
read(4, "\0\0\0\0\0                  \0\0\0\0\0\0\0\0\0"..., 4096) = 4096
read(4, "                           NONE "..., 4096) = 4096
read(4, "                                "..., 4096) = 4096
read(4, "             NONE               "..., 4096) = 4096
read(4, "  HRC       ONLINE              "..., 4096) = 4096
read(4, "                                "..., 4096) = 4096
read(4, "        NONE                    "..., 4096) = 4096
read(4, "                                "..., 4096) = 4096
read(4, "c/rmf                           "..., 4096) = 4096
read(4, "   NONE                         "..., 4096) = 4096
read(4, "                               N"..., 4096) = 4096
read(4, "-08HRC-S     LETG   LETGS spectr"..., 4096) = 3712
brk(0x563639933000)                     = 0x563639933000
lseek(4, 8192, SEEK_SET)                = 8192
read(4, "                                "..., 4096) = 4096
read(4, "                                "..., 4096) = 4096
read(4, "grnd                            "..., 4096) = 4096
read(4, "ONE                             "..., 4096) = 4096
read(4, "                           NONE "..., 4096) = 4096
read(4, "RC-I     NONE   HRC-I stowed bac"..., 4096) = 4096
read(4, "    hrciD2017-01-01bkgrndN0001.f"..., 4096) = 4096
read(4, "                      NONE      "..., 4096) = 4096
read(4, "                                "..., 4096) = 4096
read(4, "                                "..., 4096) = 4096
read(4, "LOOKUP           AXIS(U)        "..., 4096) = 4096
read(4, "                                "..., 4096) = 4096
read(4, "   NONE                         "..., 4096) = 4096
read(4, "1212:00:00@\351VP\0\0\0\0002002-01-2612:0"..., 4096) = 4096
read(4, "                                "..., 4096) = 4096
read(4, "NE                              "..., 4096) = 4096
read(4, "                          NONE  "..., 4096) = 4096
read(4, "\0\0\0\0\0CHANDRA   HRC       ONLINE "..., 4096) = 4096
read(4, "                                "..., 4096) = 4096
read(4, "                     NONE       "..., 4096) = 4096
read(4, "                                "..., 4096) = 4096
read(4, "ta/chandra/hrc/gti_lim          "..., 4096) = 4096
read(4, "                NONE            "..., 4096) = 4096
read(4, "                                "..., 4096) = 4096
read(4, "  \0\1\0\0002020-12-08HRC-I     NONE  "..., 4096) = 4096
read(4, "                     hrciD2012-0"..., 4096) = 4096
read(4, "                                "..., 4096) = 4096
read(4, "E                               "..., 4096) = 4096
read(4, "fficiency                       "..., 4096) = 4096
read(4, "s             QE                "..., 4096) = 4096
read(4, "                                "..., 4096) = 4096
read(4, "                    NONE        "..., 4096) = 4096
read(4, "         2015-08-0900:00:00@\353\363`\0"..., 4096) = 4096
read(4, "                                "..., 4096) = 4096
read(4, "               NONE             "..., 4096) = 4096
read(4, "                                "..., 4096) = 4096
read(4, "      \0\0\0\0\0\0\0\0\0\0\0\0\0\0\0\0CHANDRA   "..., 4096) = 4096
read(4, "          NONE                  "..., 4096) = 4096
read(4, "                                "..., 4096) = 4096
read(4, "                                "..., 4096) = 4096
read(4, "E              data/chandra/hrc/"..., 4096) = 4096
read(4, "                                "..., 4096) = 4096
read(4, "                                "..., 4096) = 4096
read(4, "                   \0\2\0\0002020-12-0"..., 4096) = 4096
read(4, "                                "..., 4096) = 4096
read(4, "                                "..., 4096) = 4096
read(4, "              NONE              "..., 4096) = 4096
read(4, "   quantum efficiency uniformity"..., 4096) = 4096
read(4, "-01-01qeuN0014.fits            Q"..., 4096) = 4096
read(4, "         NONE                   "..., 4096) = 4096
read(4, "                                "..., 4096) = 4096
read(4, "                          2009-0"..., 4096) = 4096
read(4, "    CHIP_ID(2)                  "..., 4096) = 4096
read(4, "                                "..., 4096) = 4096
read(4, "                                "..., 4096) = 4096
read(4, "\0\0\0\0\0                  \0\0\0\0\0\0\0\0\0"..., 4096) = 4096
read(4, "                           NONE "..., 4096) = 4096
read(4, "                                "..., 4096) = 4096
read(4, "             NONE               "..., 4096) = 4096
read(4, "  HRC       ONLINE              "..., 4096) = 4096
read(4, "                                "..., 4096) = 4096
read(4, "        NONE                    "..., 4096) = 4096
read(4, "                                "..., 4096) = 4096
read(4, "c/rmf                           "..., 4096) = 4096
read(4, "   NONE                         "..., 4096) = 4096
read(4, "                               N"..., 4096) = 4096
read(4, "-08HRC-S     LETG   LETGS spectr"..., 4096) = 3712
lseek(4, 8192, SEEK_SET)                = 8192
read(4, "                                "..., 4096) = 4096
read(4, "                                "..., 4096) = 4096
read(4, "grnd                            "..., 4096) = 4096
read(4, "ONE                             "..., 4096) = 4096
read(4, "                           NONE "..., 4096) = 4096
read(4, "RC-I     NONE   HRC-I stowed bac"..., 4096) = 4096
read(4, "    hrciD2017-01-01bkgrndN0001.f"..., 4096) = 4096
read(4, "                      NONE      "..., 4096) = 4096
read(4, "                                "..., 4096) = 4096
read(4, "                                "..., 4096) = 4096
read(4, "LOOKUP           AXIS(U)        "..., 4096) = 4096
read(4, "                                "..., 4096) = 4096
read(4, "   NONE                         "..., 4096) = 4096
read(4, "1212:00:00@\351VP\0\0\0\0002002-01-2612:0"..., 4096) = 4096
read(4, "                                "..., 4096) = 4096
read(4, "NE                              "..., 4096) = 4096
read(4, "                          NONE  "..., 4096) = 4096
read(4, "\0\0\0\0\0CHANDRA   HRC       ONLINE "..., 4096) = 4096
read(4, "                                "..., 4096) = 4096
read(4, "                     NONE       "..., 4096) = 4096
read(4, "                                "..., 4096) = 4096
read(4, "ta/chandra/hrc/gti_lim          "..., 4096) = 4096
read(4, "                NONE            "..., 4096) = 4096
read(4, "                                "..., 4096) = 4096
read(4, "  \0\1\0\0002020-12-08HRC-I     NONE  "..., 4096) = 4096
read(4, "                     hrciD2012-0"..., 4096) = 4096
read(4, "                                "..., 4096) = 4096
read(4, "E                               "..., 4096) = 4096
read(4, "fficiency                       "..., 4096) = 4096
read(4, "s             QE                "..., 4096) = 4096
read(4, "                                "..., 4096) = 4096
read(4, "                    NONE        "..., 4096) = 4096
read(4, "         2015-08-0900:00:00@\353\363`\0"..., 4096) = 4096
read(4, "                                "..., 4096) = 4096
read(4, "               NONE             "..., 4096) = 4096
read(4, "                                "..., 4096) = 4096
read(4, "      \0\0\0\0\0\0\0\0\0\0\0\0\0\0\0\0CHANDRA   "..., 4096) = 4096
read(4, "          NONE                  "..., 4096) = 4096
read(4, "                                "..., 4096) = 4096
read(4, "                                "..., 4096) = 4096
read(4, "E              data/chandra/hrc/"..., 4096) = 4096
read(4, "                                "..., 4096) = 4096
read(4, "                                "..., 4096) = 4096
read(4, "                   \0\2\0\0002020-12-0"..., 4096) = 4096
read(4, "                                "..., 4096) = 4096
read(4, "                                "..., 4096) = 4096
read(4, "              NONE              "..., 4096) = 4096
read(4, "   quantum efficiency uniformity"..., 4096) = 4096
read(4, "-01-01qeuN0014.fits            Q"..., 4096) = 4096
read(4, "         NONE                   "..., 4096) = 4096
read(4, "                                "..., 4096) = 4096
read(4, "                          2009-0"..., 4096) = 4096
read(4, "    CHIP_ID(2)                  "..., 4096) = 4096
read(4, "                                "..., 4096) = 4096
read(4, "                                "..., 4096) = 4096
read(4, "\0\0\0\0\0                  \0\0\0\0\0\0\0\0\0"..., 4096) = 4096
read(4, "                           NONE "..., 4096) = 4096
read(4, "                                "..., 4096) = 4096
read(4, "             NONE               "..., 4096) = 4096
read(4, "  HRC       ONLINE              "..., 4096) = 4096
read(4, "                                "..., 4096) = 4096
read(4, "        NONE                    "..., 4096) = 4096
read(4, "                                "..., 4096) = 4096
read(4, "c/rmf                           "..., 4096) = 4096
read(4, "   NONE                         "..., 4096) = 4096
read(4, "                               N"..., 4096) = 4096
read(4, "-08HRC-S     LETG   LETGS spectr"..., 4096) = 3712
lseek(4, 8192, SEEK_SET)                = 8192
read(4, "                                "..., 4096) = 4096
read(4, "                                "..., 4096) = 4096
read(4, "grnd                            "..., 4096) = 4096
read(4, "ONE                             "..., 4096) = 4096
read(4, "                           NONE "..., 4096) = 4096
read(4, "RC-I     NONE   HRC-I stowed bac"..., 4096) = 4096
read(4, "    hrciD2017-01-01bkgrndN0001.f"..., 4096) = 4096
read(4, "                      NONE      "..., 4096) = 4096
read(4, "                                "..., 4096) = 4096
read(4, "                                "..., 4096) = 4096
read(4, "LOOKUP           AXIS(U)        "..., 4096) = 4096
read(4, "                                "..., 4096) = 4096
read(4, "   NONE                         "..., 4096) = 4096
read(4, "1212:00:00@\351VP\0\0\0\0002002-01-2612:0"..., 4096) = 4096
read(4, "                                "..., 4096) = 4096
read(4, "NE                              "..., 4096) = 4096
read(4, "                          NONE  "..., 4096) = 4096
read(4, "\0\0\0\0\0CHANDRA   HRC       ONLINE "..., 4096) = 4096
read(4, "                                "..., 4096) = 4096
read(4, "                     NONE       "..., 4096) = 4096
read(4, "                                "..., 4096) = 4096
read(4, "ta/chandra/hrc/gti_lim          "..., 4096) = 4096
read(4, "                NONE            "..., 4096) = 4096
read(4, "                                "..., 4096) = 4096
read(4, "  \0\1\0\0002020-12-08HRC-I     NONE  "..., 4096) = 4096
read(4, "                     hrciD2012-0"..., 4096) = 4096
read(4, "                                "..., 4096) = 4096
read(4, "E                               "..., 4096) = 4096
read(4, "fficiency                       "..., 4096) = 4096
read(4, "s             QE                "..., 4096) = 4096
read(4, "                                "..., 4096) = 4096
read(4, "                    NONE        "..., 4096) = 4096
read(4, "         2015-08-0900:00:00@\353\363`\0"..., 4096) = 4096
read(4, "                                "..., 4096) = 4096
read(4, "               NONE             "..., 4096) = 4096
read(4, "                                "..., 4096) = 4096
read(4, "      \0\0\0\0\0\0\0\0\0\0\0\0\0\0\0\0CHANDRA   "..., 4096) = 4096
read(4, "          NONE                  "..., 4096) = 4096
read(4, "                                "..., 4096) = 4096
read(4, "                                "..., 4096) = 4096
read(4, "E              data/chandra/hrc/"..., 4096) = 4096
read(4, "                                "..., 4096) = 4096
read(4, "                                "..., 4096) = 4096
read(4, "                   \0\2\0\0002020-12-0"..., 4096) = 4096
read(4, "                                "..., 4096) = 4096
read(4, "                                "..., 4096) = 4096
read(4, "              NONE              "..., 4096) = 4096
read(4, "   quantum efficiency uniformity"..., 4096) = 4096
read(4, "-01-01qeuN0014.fits            Q"..., 4096) = 4096
read(4, "         NONE                   "..., 4096) = 4096
read(4, "                                "..., 4096) = 4096
read(4, "                          2009-0"..., 4096) = 4096
read(4, "    CHIP_ID(2)                  "..., 4096) = 4096
read(4, "                                "..., 4096) = 4096
read(4, "                                "..., 4096) = 4096
read(4, "\0\0\0\0\0                  \0\0\0\0\0\0\0\0\0"..., 4096) = 4096
read(4, "                           NONE "..., 4096) = 4096
read(4, "                                "..., 4096) = 4096
read(4, "             NONE               "..., 4096) = 4096
read(4, "  HRC       ONLINE              "..., 4096) = 4096
read(4, "                                "..., 4096) = 4096
read(4, "        NONE                    "..., 4096) = 4096
read(4, "                                "..., 4096) = 4096
read(4, "c/rmf                           "..., 4096) = 4096
read(4, "   NONE                         "..., 4096) = 4096
read(4, "                               N"..., 4096) = 4096
read(4, "-08HRC-S     LETG   LETGS spectr"..., 4096) = 3712
lseek(4, 8192, SEEK_SET)                = 8192
read(4, "                                "..., 4096) = 4096
read(4, "                                "..., 4096) = 4096
read(4, "grnd                            "..., 4096) = 4096
read(4, "ONE                             "..., 4096) = 4096
read(4, "                           NONE "..., 4096) = 4096
read(4, "RC-I     NONE   HRC-I stowed bac"..., 4096) = 4096
read(4, "    hrciD2017-01-01bkgrndN0001.f"..., 4096) = 4096
read(4, "                      NONE      "..., 4096) = 4096
read(4, "                                "..., 4096) = 4096
read(4, "                                "..., 4096) = 4096
read(4, "LOOKUP           AXIS(U)        "..., 4096) = 4096
read(4, "                                "..., 4096) = 4096
read(4, "   NONE                         "..., 4096) = 4096
read(4, "1212:00:00@\351VP\0\0\0\0002002-01-2612:0"..., 4096) = 4096
read(4, "                                "..., 4096) = 4096
read(4, "NE                              "..., 4096) = 4096
read(4, "                          NONE  "..., 4096) = 4096
read(4, "\0\0\0\0\0CHANDRA   HRC       ONLINE "..., 4096) = 4096
read(4, "                                "..., 4096) = 4096
read(4, "                     NONE       "..., 4096) = 4096
read(4, "                                "..., 4096) = 4096
read(4, "ta/chandra/hrc/gti_lim          "..., 4096) = 4096
read(4, "                NONE            "..., 4096) = 4096
read(4, "                                "..., 4096) = 4096
read(4, "  \0\1\0\0002020-12-08HRC-I     NONE  "..., 4096) = 4096
read(4, "                     hrciD2012-0"..., 4096) = 4096
read(4, "                                "..., 4096) = 4096
read(4, "E                               "..., 4096) = 4096
read(4, "fficiency                       "..., 4096) = 4096
read(4, "s             QE                "..., 4096) = 4096
read(4, "                                "..., 4096) = 4096
read(4, "                    NONE        "..., 4096) = 4096
read(4, "         2015-08-0900:00:00@\353\363`\0"..., 4096) = 4096
read(4, "                                "..., 4096) = 4096
read(4, "               NONE             "..., 4096) = 4096
read(4, "                                "..., 4096) = 4096
read(4, "      \0\0\0\0\0\0\0\0\0\0\0\0\0\0\0\0CHANDRA   "..., 4096) = 4096
read(4, "          NONE                  "..., 4096) = 4096
read(4, "                                "..., 4096) = 4096
read(4, "                                "..., 4096) = 4096
read(4, "E              data/chandra/hrc/"..., 4096) = 4096
read(4, "                                "..., 4096) = 4096
read(4, "                                "..., 4096) = 4096
read(4, "                   \0\2\0\0002020-12-0"..., 4096) = 4096
read(4, "                                "..., 4096) = 4096
read(4, "                                "..., 4096) = 4096
read(4, "              NONE              "..., 4096) = 4096
read(4, "   quantum efficiency uniformity"..., 4096) = 4096
read(4, "-01-01qeuN0014.fits            Q"..., 4096) = 4096
read(4, "         NONE                   "..., 4096) = 4096
read(4, "                                "..., 4096) = 4096
read(4, "                          2009-0"..., 4096) = 4096
read(4, "    CHIP_ID(2)                  "..., 4096) = 4096
read(4, "                                "..., 4096) = 4096
read(4, "                                "..., 4096) = 4096
read(4, "\0\0\0\0\0                  \0\0\0\0\0\0\0\0\0"..., 4096) = 4096
read(4, "                           NONE "..., 4096) = 4096
read(4, "                                "..., 4096) = 4096
read(4, "             NONE               "..., 4096) = 4096
read(4, "  HRC       ONLINE              "..., 4096) = 4096
read(4, "                                "..., 4096) = 4096
read(4, "        NONE                    "..., 4096) = 4096
read(4, "                                "..., 4096) = 4096
read(4, "c/rmf                           "..., 4096) = 4096
read(4, "   NONE                         "..., 4096) = 4096
read(4, "                               N"..., 4096) = 4096
read(4, "-08HRC-S     LETG   LETGS spectr"..., 4096) = 3712
lseek(4, 8192, SEEK_SET)                = 8192
read(4, "                                "..., 4096) = 4096
read(4, "                                "..., 4096) = 4096
read(4, "grnd                            "..., 4096) = 4096
read(4, "ONE                             "..., 4096) = 4096
read(4, "                           NONE "..., 4096) = 4096
read(4, "RC-I     NONE   HRC-I stowed bac"..., 4096) = 4096
read(4, "    hrciD2017-01-01bkgrndN0001.f"..., 4096) = 4096
read(4, "                      NONE      "..., 4096) = 4096
read(4, "                                "..., 4096) = 4096
read(4, "                                "..., 4096) = 4096
read(4, "LOOKUP           AXIS(U)        "..., 4096) = 4096
read(4, "                                "..., 4096) = 4096
read(4, "   NONE                         "..., 4096) = 4096
read(4, "1212:00:00@\351VP\0\0\0\0002002-01-2612:0"..., 4096) = 4096
read(4, "                                "..., 4096) = 4096
read(4, "NE                              "..., 4096) = 4096
read(4, "                          NONE  "..., 4096) = 4096
read(4, "\0\0\0\0\0CHANDRA   HRC       ONLINE "..., 4096) = 4096
read(4, "                                "..., 4096) = 4096
read(4, "                     NONE       "..., 4096) = 4096
read(4, "                                "..., 4096) = 4096
read(4, "ta/chandra/hrc/gti_lim          "..., 4096) = 4096
read(4, "                NONE            "..., 4096) = 4096
read(4, "                                "..., 4096) = 4096
read(4, "  \0\1\0\0002020-12-08HRC-I     NONE  "..., 4096) = 4096
read(4, "                     hrciD2012-0"..., 4096) = 4096
read(4, "                                "..., 4096) = 4096
read(4, "E                               "..., 4096) = 4096
read(4, "fficiency                       "..., 4096) = 4096
read(4, "s             QE                "..., 4096) = 4096
read(4, "                                "..., 4096) = 4096
read(4, "                    NONE        "..., 4096) = 4096
read(4, "         2015-08-0900:00:00@\353\363`\0"..., 4096) = 4096
read(4, "                                "..., 4096) = 4096
read(4, "               NONE             "..., 4096) = 4096
read(4, "                                "..., 4096) = 4096
read(4, "      \0\0\0\0\0\0\0\0\0\0\0\0\0\0\0\0CHANDRA   "..., 4096) = 4096
read(4, "          NONE                  "..., 4096) = 4096
read(4, "                                "..., 4096) = 4096
read(4, "                                "..., 4096) = 4096
read(4, "E              data/chandra/hrc/"..., 4096) = 4096
read(4, "                                "..., 4096) = 4096
read(4, "                                "..., 4096) = 4096
read(4, "                   \0\2\0\0002020-12-0"..., 4096) = 4096
read(4, "                                "..., 4096) = 4096
read(4, "                                "..., 4096) = 4096
read(4, "              NONE              "..., 4096) = 4096
read(4, "   quantum efficiency uniformity"..., 4096) = 4096
read(4, "-01-01qeuN0014.fits            Q"..., 4096) = 4096
read(4, "         NONE                   "..., 4096) = 4096
read(4, "                                "..., 4096) = 4096
read(4, "                          2009-0"..., 4096) = 4096
read(4, "    CHIP_ID(2)                  "..., 4096) = 4096
read(4, "                                "..., 4096) = 4096
read(4, "                                "..., 4096) = 4096
read(4, "\0\0\0\0\0                  \0\0\0\0\0\0\0\0\0"..., 4096) = 4096
read(4, "                           NONE "..., 4096) = 4096
read(4, "                                "..., 4096) = 4096
read(4, "             NONE               "..., 4096) = 4096
read(4, "  HRC       ONLINE              "..., 4096) = 4096
read(4, "                                "..., 4096) = 4096
read(4, "        NONE                    "..., 4096) = 4096
read(4, "                                "..., 4096) = 4096
read(4, "c/rmf                           "..., 4096) = 4096
read(4, "   NONE                         "..., 4096) = 4096
read(4, "                               N"..., 4096) = 4096
read(4, "-08HRC-S     LETG   LETGS spectr"..., 4096) = 3712
lseek(4, 8192, SEEK_SET)                = 8192
read(4, "                                "..., 4096) = 4096
read(4, "                                "..., 4096) = 4096
read(4, "grnd                            "..., 4096) = 4096
read(4, "ONE                             "..., 4096) = 4096
read(4, "                           NONE "..., 4096) = 4096
read(4, "RC-I     NONE   HRC-I stowed bac"..., 4096) = 4096
read(4, "    hrciD2017-01-01bkgrndN0001.f"..., 4096) = 4096
read(4, "                      NONE      "..., 4096) = 4096
read(4, "                                "..., 4096) = 4096
read(4, "                                "..., 4096) = 4096
read(4, "LOOKUP           AXIS(U)        "..., 4096) = 4096
read(4, "                                "..., 4096) = 4096
read(4, "   NONE                         "..., 4096) = 4096
read(4, "1212:00:00@\351VP\0\0\0\0002002-01-2612:0"..., 4096) = 4096
read(4, "                                "..., 4096) = 4096
read(4, "NE                              "..., 4096) = 4096
read(4, "                          NONE  "..., 4096) = 4096
read(4, "\0\0\0\0\0CHANDRA   HRC       ONLINE "..., 4096) = 4096
read(4, "                                "..., 4096) = 4096
read(4, "                     NONE       "..., 4096) = 4096
read(4, "                                "..., 4096) = 4096
read(4, "ta/chandra/hrc/gti_lim          "..., 4096) = 4096
read(4, "                NONE            "..., 4096) = 4096
read(4, "                                "..., 4096) = 4096
read(4, "  \0\1\0\0002020-12-08HRC-I     NONE  "..., 4096) = 4096
read(4, "                     hrciD2012-0"..., 4096) = 4096
read(4, "                                "..., 4096) = 4096
read(4, "E                               "..., 4096) = 4096
read(4, "fficiency                       "..., 4096) = 4096
read(4, "s             QE                "..., 4096) = 4096
read(4, "                                "..., 4096) = 4096
read(4, "                    NONE        "..., 4096) = 4096
read(4, "         2015-08-0900:00:00@\353\363`\0"..., 4096) = 4096
read(4, "                                "..., 4096) = 4096
read(4, "               NONE             "..., 4096) = 4096
read(4, "                                "..., 4096) = 4096
read(4, "      \0\0\0\0\0\0\0\0\0\0\0\0\0\0\0\0CHANDRA   "..., 4096) = 4096
read(4, "          NONE                  "..., 4096) = 4096
read(4, "                                "..., 4096) = 4096
read(4, "                                "..., 4096) = 4096
read(4, "E              data/chandra/hrc/"..., 4096) = 4096
read(4, "                                "..., 4096) = 4096
read(4, "                                "..., 4096) = 4096
brk(0x563639956000)                     = 0x563639956000
read(4, "                   \0\2\0\0002020-12-0"..., 4096) = 4096
read(4, "                                "..., 4096) = 4096
read(4, "                                "..., 4096) = 4096
read(4, "              NONE              "..., 4096) = 4096
read(4, "   quantum efficiency uniformity"..., 4096) = 4096
read(4, "-01-01qeuN0014.fits            Q"..., 4096) = 4096
read(4, "         NONE                   "..., 4096) = 4096
read(4, "                                "..., 4096) = 4096
read(4, "                          2009-0"..., 4096) = 4096
read(4, "    CHIP_ID(2)                  "..., 4096) = 4096
read(4, "                                "..., 4096) = 4096
read(4, "                                "..., 4096) = 4096
read(4, "\0\0\0\0\0                  \0\0\0\0\0\0\0\0\0"..., 4096) = 4096
read(4, "                           NONE "..., 4096) = 4096
read(4, "                                "..., 4096) = 4096
read(4, "             NONE               "..., 4096) = 4096
read(4, "  HRC       ONLINE              "..., 4096) = 4096
read(4, "                                "..., 4096) = 4096
read(4, "        NONE                    "..., 4096) = 4096
read(4, "                                "..., 4096) = 4096
read(4, "c/rmf                           "..., 4096) = 4096
read(4, "   NONE                         "..., 4096) = 4096
read(4, "                               N"..., 4096) = 4096
read(4, "-08HRC-S     LETG   LETGS spectr"..., 4096) = 3712
lseek(4, 8192, SEEK_SET)                = 8192
read(4, "                                "..., 4096) = 4096
read(4, "                                "..., 4096) = 4096
read(4, "grnd                            "..., 4096) = 4096
read(4, "ONE                             "..., 4096) = 4096
read(4, "                           NONE "..., 4096) = 4096
read(4, "RC-I     NONE   HRC-I stowed bac"..., 4096) = 4096
read(4, "    hrciD2017-01-01bkgrndN0001.f"..., 4096) = 4096
read(4, "                      NONE      "..., 4096) = 4096
read(4, "                                "..., 4096) = 4096
read(4, "                                "..., 4096) = 4096
read(4, "LOOKUP           AXIS(U)        "..., 4096) = 4096
read(4, "                                "..., 4096) = 4096
read(4, "   NONE                         "..., 4096) = 4096
read(4, "1212:00:00@\351VP\0\0\0\0002002-01-2612:0"..., 4096) = 4096
read(4, "                                "..., 4096) = 4096
read(4, "NE                              "..., 4096) = 4096
read(4, "                          NONE  "..., 4096) = 4096
read(4, "\0\0\0\0\0CHANDRA   HRC       ONLINE "..., 4096) = 4096
read(4, "                                "..., 4096) = 4096
read(4, "                     NONE       "..., 4096) = 4096
read(4, "                                "..., 4096) = 4096
read(4, "ta/chandra/hrc/gti_lim          "..., 4096) = 4096
read(4, "                NONE            "..., 4096) = 4096
read(4, "                                "..., 4096) = 4096
read(4, "  \0\1\0\0002020-12-08HRC-I     NONE  "..., 4096) = 4096
read(4, "                     hrciD2012-0"..., 4096) = 4096
read(4, "                                "..., 4096) = 4096
read(4, "E                               "..., 4096) = 4096
read(4, "fficiency                       "..., 4096) = 4096
read(4, "s             QE                "..., 4096) = 4096
read(4, "                                "..., 4096) = 4096
read(4, "                    NONE        "..., 4096) = 4096
read(4, "         2015-08-0900:00:00@\353\363`\0"..., 4096) = 4096
read(4, "                                "..., 4096) = 4096
read(4, "               NONE             "..., 4096) = 4096
read(4, "                                "..., 4096) = 4096
read(4, "      \0\0\0\0\0\0\0\0\0\0\0\0\0\0\0\0CHANDRA   "..., 4096) = 4096
read(4, "          NONE                  "..., 4096) = 4096
read(4, "                                "..., 4096) = 4096
read(4, "                                "..., 4096) = 4096
read(4, "E              data/chandra/hrc/"..., 4096) = 4096
read(4, "                                "..., 4096) = 4096
read(4, "                                "..., 4096) = 4096
read(4, "                   \0\2\0\0002020-12-0"..., 4096) = 4096
read(4, "                                "..., 4096) = 4096
read(4, "                                "..., 4096) = 4096
read(4, "              NONE              "..., 4096) = 4096
read(4, "   quantum efficiency uniformity"..., 4096) = 4096
read(4, "-01-01qeuN0014.fits            Q"..., 4096) = 4096
read(4, "         NONE                   "..., 4096) = 4096
read(4, "                                "..., 4096) = 4096
read(4, "                          2009-0"..., 4096) = 4096
read(4, "    CHIP_ID(2)                  "..., 4096) = 4096
read(4, "                                "..., 4096) = 4096
read(4, "                                "..., 4096) = 4096
read(4, "\0\0\0\0\0                  \0\0\0\0\0\0\0\0\0"..., 4096) = 4096
read(4, "                           NONE "..., 4096) = 4096
read(4, "                                "..., 4096) = 4096
read(4, "             NONE               "..., 4096) = 4096
read(4, "  HRC       ONLINE              "..., 4096) = 4096
read(4, "                                "..., 4096) = 4096
read(4, "        NONE                    "..., 4096) = 4096
read(4, "                                "..., 4096) = 4096
read(4, "c/rmf                           "..., 4096) = 4096
read(4, "   NONE                         "..., 4096) = 4096
read(4, "                               N"..., 4096) = 4096
read(4, "-08HRC-S     LETG   LETGS spectr"..., 4096) = 3712
lseek(4, 8192, SEEK_SET)                = 8192
read(4, "                                "..., 4096) = 4096
read(4, "                                "..., 4096) = 4096
lseek(4, 0, SEEK_SET)                   = 0
read(4, "SIMPLE  =                    T /"..., 4096) = 4096
read(4, "   '           / data format of "..., 4096) = 4096
read(4, "                                "..., 4096) = 4096
lseek(4, 12288, SEEK_SET)               = 12288
read(4, "                                "..., 4096) = 4096
read(4, "grnd                            "..., 4096) = 4096
read(4, "ONE                             "..., 4096) = 4096
read(4, "                           NONE "..., 4096) = 4096
read(4, "RC-I     NONE   HRC-I stowed bac"..., 4096) = 4096
read(4, "    hrciD2017-01-01bkgrndN0001.f"..., 4096) = 4096
read(4, "                      NONE      "..., 4096) = 4096
read(4, "                                "..., 4096) = 4096
read(4, "                                "..., 4096) = 4096
read(4, "LOOKUP           AXIS(U)        "..., 4096) = 4096
read(4, "                                "..., 4096) = 4096
read(4, "   NONE                         "..., 4096) = 4096
read(4, "1212:00:00@\351VP\0\0\0\0002002-01-2612:0"..., 4096) = 4096
read(4, "                                "..., 4096) = 4096
read(4, "NE                              "..., 4096) = 4096
read(4, "                          NONE  "..., 4096) = 4096
read(4, "\0\0\0\0\0CHANDRA   HRC       ONLINE "..., 4096) = 4096
read(4, "                                "..., 4096) = 4096
read(4, "                     NONE       "..., 4096) = 4096
read(4, "                                "..., 4096) = 4096
read(4, "ta/chandra/hrc/gti_lim          "..., 4096) = 4096
read(4, "                NONE            "..., 4096) = 4096
read(4, "                                "..., 4096) = 4096
read(4, "  \0\1\0\0002020-12-08HRC-I     NONE  "..., 4096) = 4096
read(4, "                     hrciD2012-0"..., 4096) = 4096
read(4, "                                "..., 4096) = 4096
read(4, "E                               "..., 4096) = 4096
read(4, "fficiency                       "..., 4096) = 4096
read(4, "s             QE                "..., 4096) = 4096
read(4, "                                "..., 4096) = 4096
read(4, "                    NONE        "..., 4096) = 4096
read(4, "         2015-08-0900:00:00@\353\363`\0"..., 4096) = 4096
read(4, "                                "..., 4096) = 4096
read(4, "               NONE             "..., 4096) = 4096
read(4, "                                "..., 4096) = 4096
read(4, "      \0\0\0\0\0\0\0\0\0\0\0\0\0\0\0\0CHANDRA   "..., 4096) = 4096
read(4, "          NONE                  "..., 4096) = 4096
read(4, "                                "..., 4096) = 4096
read(4, "                                "..., 4096) = 4096
read(4, "E              data/chandra/hrc/"..., 4096) = 4096
read(4, "                                "..., 4096) = 4096
read(4, "                                "..., 4096) = 4096
read(4, "                   \0\2\0\0002020-12-0"..., 4096) = 4096
read(4, "                                "..., 4096) = 4096
read(4, "                                "..., 4096) = 4096
read(4, "              NONE              "..., 4096) = 4096
read(4, "   quantum efficiency uniformity"..., 4096) = 4096
read(4, "-01-01qeuN0014.fits            Q"..., 4096) = 4096
read(4, "         NONE                   "..., 4096) = 4096
read(4, "                                "..., 4096) = 4096
read(4, "                          2009-0"..., 4096) = 4096
read(4, "    CHIP_ID(2)                  "..., 4096) = 4096
read(4, "                                "..., 4096) = 4096
read(4, "                                "..., 4096) = 4096
read(4, "\0\0\0\0\0                  \0\0\0\0\0\0\0\0\0"..., 4096) = 4096
read(4, "                           NONE "..., 4096) = 4096
read(4, "                                "..., 4096) = 4096
read(4, "             NONE               "..., 4096) = 4096
read(4, "  HRC       ONLINE              "..., 4096) = 4096
read(4, "                                "..., 4096) = 4096
read(4, "        NONE                    "..., 4096) = 4096
read(4, "                                "..., 4096) = 4096
read(4, "c/rmf                           "..., 4096) = 4096
read(4, "   NONE                         "..., 4096) = 4096
read(4, "                               N"..., 4096) = 4096
read(4, "-08HRC-S     LETG   LETGS spectr"..., 4096) = 3712
brk(0x563639978000)                     = 0x563639978000
brk(0x56363999b000)                     = 0x56363999b000
lseek(4, 8192, SEEK_SET)                = 8192
read(4, "                                "..., 4096) = 4096
read(4, "                                "..., 4096) = 4096
read(4, "grnd                            "..., 4096) = 4096
read(4, "ONE                             "..., 4096) = 4096
read(4, "                           NONE "..., 4096) = 4096
read(4, "RC-I     NONE   HRC-I stowed bac"..., 4096) = 4096
read(4, "    hrciD2017-01-01bkgrndN0001.f"..., 4096) = 4096
read(4, "                      NONE      "..., 4096) = 4096
read(4, "                                "..., 4096) = 4096
read(4, "                                "..., 4096) = 4096
read(4, "LOOKUP           AXIS(U)        "..., 4096) = 4096
read(4, "                                "..., 4096) = 4096
read(4, "   NONE                         "..., 4096) = 4096
read(4, "1212:00:00@\351VP\0\0\0\0002002-01-2612:0"..., 4096) = 4096
read(4, "                                "..., 4096) = 4096
read(4, "NE                              "..., 4096) = 4096
read(4, "                          NONE  "..., 4096) = 4096
read(4, "\0\0\0\0\0CHANDRA   HRC       ONLINE "..., 4096) = 4096
read(4, "                                "..., 4096) = 4096
read(4, "                     NONE       "..., 4096) = 4096
read(4, "                                "..., 4096) = 4096
read(4, "ta/chandra/hrc/gti_lim          "..., 4096) = 4096
read(4, "                NONE            "..., 4096) = 4096
read(4, "                                "..., 4096) = 4096
read(4, "  \0\1\0\0002020-12-08HRC-I     NONE  "..., 4096) = 4096
read(4, "                     hrciD2012-0"..., 4096) = 4096
read(4, "                                "..., 4096) = 4096
read(4, "E                               "..., 4096) = 4096
read(4, "fficiency                       "..., 4096) = 4096
read(4, "s             QE                "..., 4096) = 4096
read(4, "                                "..., 4096) = 4096
read(4, "                    NONE        "..., 4096) = 4096
read(4, "         2015-08-0900:00:00@\353\363`\0"..., 4096) = 4096
read(4, "                                "..., 4096) = 4096
read(4, "               NONE             "..., 4096) = 4096
read(4, "                                "..., 4096) = 4096
read(4, "      \0\0\0\0\0\0\0\0\0\0\0\0\0\0\0\0CHANDRA   "..., 4096) = 4096
read(4, "          NONE                  "..., 4096) = 4096
read(4, "                                "..., 4096) = 4096
read(4, "                                "..., 4096) = 4096
read(4, "E              data/chandra/hrc/"..., 4096) = 4096
read(4, "                                "..., 4096) = 4096
read(4, "                                "..., 4096) = 4096
read(4, "                   \0\2\0\0002020-12-0"..., 4096) = 4096
read(4, "                                "..., 4096) = 4096
read(4, "                                "..., 4096) = 4096
read(4, "              NONE              "..., 4096) = 4096
read(4, "   quantum efficiency uniformity"..., 4096) = 4096
read(4, "-01-01qeuN0014.fits            Q"..., 4096) = 4096
read(4, "         NONE                   "..., 4096) = 4096
read(4, "                                "..., 4096) = 4096
read(4, "                          2009-0"..., 4096) = 4096
read(4, "    CHIP_ID(2)                  "..., 4096) = 4096
read(4, "                                "..., 4096) = 4096
read(4, "                                "..., 4096) = 4096
read(4, "\0\0\0\0\0                  \0\0\0\0\0\0\0\0\0"..., 4096) = 4096
read(4, "                           NONE "..., 4096) = 4096
read(4, "                                "..., 4096) = 4096
read(4, "             NONE               "..., 4096) = 4096
read(4, "  HRC       ONLINE              "..., 4096) = 4096
read(4, "                                "..., 4096) = 4096
read(4, "        NONE                    "..., 4096) = 4096
read(4, "                                "..., 4096) = 4096
read(4, "c/rmf                           "..., 4096) = 4096
read(4, "   NONE                         "..., 4096) = 4096
read(4, "                               N"..., 4096) = 4096
read(4, "-08HRC-S     LETG   LETGS spectr"..., 4096) = 3712
lseek(4, 8192, SEEK_SET)                = 8192
read(4, "                                "..., 4096) = 4096
read(4, "                                "..., 4096) = 4096
read(4, "grnd                            "..., 4096) = 4096
read(4, "ONE                             "..., 4096) = 4096
read(4, "                           NONE "..., 4096) = 4096
read(4, "RC-I     NONE   HRC-I stowed bac"..., 4096) = 4096
read(4, "    hrciD2017-01-01bkgrndN0001.f"..., 4096) = 4096
read(4, "                      NONE      "..., 4096) = 4096
read(4, "                                "..., 4096) = 4096
read(4, "                                "..., 4096) = 4096
read(4, "LOOKUP           AXIS(U)        "..., 4096) = 4096
read(4, "                                "..., 4096) = 4096
read(4, "   NONE                         "..., 4096) = 4096
read(4, "1212:00:00@\351VP\0\0\0\0002002-01-2612:0"..., 4096) = 4096
read(4, "                                "..., 4096) = 4096
read(4, "NE                              "..., 4096) = 4096
read(4, "                          NONE  "..., 4096) = 4096
read(4, "\0\0\0\0\0CHANDRA   HRC       ONLINE "..., 4096) = 4096
read(4, "                                "..., 4096) = 4096
read(4, "                     NONE       "..., 4096) = 4096
read(4, "                                "..., 4096) = 4096
read(4, "ta/chandra/hrc/gti_lim          "..., 4096) = 4096
read(4, "                NONE            "..., 4096) = 4096
read(4, "                                "..., 4096) = 4096
read(4, "  \0\1\0\0002020-12-08HRC-I     NONE  "..., 4096) = 4096
read(4, "                     hrciD2012-0"..., 4096) = 4096
read(4, "                                "..., 4096) = 4096
read(4, "E                               "..., 4096) = 4096
read(4, "fficiency                       "..., 4096) = 4096
read(4, "s             QE                "..., 4096) = 4096
read(4, "                                "..., 4096) = 4096
read(4, "                    NONE        "..., 4096) = 4096
read(4, "         2015-08-0900:00:00@\353\363`\0"..., 4096) = 4096
read(4, "                                "..., 4096) = 4096
read(4, "               NONE             "..., 4096) = 4096
read(4, "                                "..., 4096) = 4096
read(4, "      \0\0\0\0\0\0\0\0\0\0\0\0\0\0\0\0CHANDRA   "..., 4096) = 4096
read(4, "          NONE                  "..., 4096) = 4096
read(4, "                                "..., 4096) = 4096
read(4, "                                "..., 4096) = 4096
read(4, "E              data/chandra/hrc/"..., 4096) = 4096
read(4, "                                "..., 4096) = 4096
read(4, "                                "..., 4096) = 4096
read(4, "                   \0\2\0\0002020-12-0"..., 4096) = 4096
read(4, "                                "..., 4096) = 4096
read(4, "                                "..., 4096) = 4096
read(4, "              NONE              "..., 4096) = 4096
read(4, "   quantum efficiency uniformity"..., 4096) = 4096
read(4, "-01-01qeuN0014.fits            Q"..., 4096) = 4096
read(4, "         NONE                   "..., 4096) = 4096
read(4, "                                "..., 4096) = 4096
read(4, "                          2009-0"..., 4096) = 4096
read(4, "    CHIP_ID(2)                  "..., 4096) = 4096
read(4, "                                "..., 4096) = 4096
read(4, "                                "..., 4096) = 4096
read(4, "\0\0\0\0\0                  \0\0\0\0\0\0\0\0\0"..., 4096) = 4096
read(4, "                           NONE "..., 4096) = 4096
read(4, "                                "..., 4096) = 4096
read(4, "             NONE               "..., 4096) = 4096
read(4, "  HRC       ONLINE              "..., 4096) = 4096
read(4, "                                "..., 4096) = 4096
read(4, "        NONE                    "..., 4096) = 4096
read(4, "                                "..., 4096) = 4096
read(4, "c/rmf                           "..., 4096) = 4096
read(4, "   NONE                         "..., 4096) = 4096
read(4, "                               N"..., 4096) = 4096
read(4, "-08HRC-S     LETG   LETGS spectr"..., 4096) = 3712
lseek(4, 8192, SEEK_SET)                = 8192
read(4, "                                "..., 4096) = 4096
read(4, "                                "..., 4096) = 4096
lseek(4, 4096, SEEK_SET)                = 4096
read(4, "   '           / data format of "..., 4096) = 4096
read(4, "                                "..., 4096) = 4096
lseek(4, 0, SEEK_SET)                   = 0
read(4, "SIMPLE  =                    T /"..., 4096) = 4096
read(4, "   '           / data format of "..., 4096) = 4096
lseek(4, 12288, SEEK_SET)               = 12288
read(4, "                                "..., 4096) = 4096
read(4, "grnd                            "..., 4096) = 4096
read(4, "ONE                             "..., 4096) = 4096
read(4, "                           NONE "..., 4096) = 4096
read(4, "RC-I     NONE   HRC-I stowed bac"..., 4096) = 4096
read(4, "    hrciD2017-01-01bkgrndN0001.f"..., 4096) = 4096
read(4, "                      NONE      "..., 4096) = 4096
read(4, "                                "..., 4096) = 4096
read(4, "                                "..., 4096) = 4096
read(4, "LOOKUP           AXIS(U)        "..., 4096) = 4096
read(4, "                                "..., 4096) = 4096
read(4, "   NONE                         "..., 4096) = 4096
read(4, "1212:00:00@\351VP\0\0\0\0002002-01-2612:0"..., 4096) = 4096
read(4, "                                "..., 4096) = 4096
read(4, "NE                              "..., 4096) = 4096
read(4, "                          NONE  "..., 4096) = 4096
read(4, "\0\0\0\0\0CHANDRA   HRC       ONLINE "..., 4096) = 4096
read(4, "                                "..., 4096) = 4096
read(4, "                     NONE       "..., 4096) = 4096
read(4, "                                "..., 4096) = 4096
read(4, "ta/chandra/hrc/gti_lim          "..., 4096) = 4096
read(4, "                NONE            "..., 4096) = 4096
read(4, "                                "..., 4096) = 4096
read(4, "  \0\1\0\0002020-12-08HRC-I     NONE  "..., 4096) = 4096
read(4, "                     hrciD2012-0"..., 4096) = 4096
read(4, "                                "..., 4096) = 4096
read(4, "E                               "..., 4096) = 4096
read(4, "fficiency                       "..., 4096) = 4096
read(4, "s             QE                "..., 4096) = 4096
read(4, "                                "..., 4096) = 4096
read(4, "                    NONE        "..., 4096) = 4096
read(4, "         2015-08-0900:00:00@\353\363`\0"..., 4096) = 4096
read(4, "                                "..., 4096) = 4096
read(4, "               NONE             "..., 4096) = 4096
read(4, "                                "..., 4096) = 4096
read(4, "      \0\0\0\0\0\0\0\0\0\0\0\0\0\0\0\0CHANDRA   "..., 4096) = 4096
read(4, "          NONE                  "..., 4096) = 4096
read(4, "                                "..., 4096) = 4096
read(4, "                                "..., 4096) = 4096
read(4, "E              data/chandra/hrc/"..., 4096) = 4096
read(4, "                                "..., 4096) = 4096
read(4, "                                "..., 4096) = 4096
read(4, "                   \0\2\0\0002020-12-0"..., 4096) = 4096
read(4, "                                "..., 4096) = 4096
read(4, "                                "..., 4096) = 4096
read(4, "              NONE              "..., 4096) = 4096
read(4, "   quantum efficiency uniformity"..., 4096) = 4096
read(4, "-01-01qeuN0014.fits            Q"..., 4096) = 4096
read(4, "         NONE                   "..., 4096) = 4096
read(4, "                                "..., 4096) = 4096
read(4, "                          2009-0"..., 4096) = 4096
read(4, "    CHIP_ID(2)                  "..., 4096) = 4096
read(4, "                                "..., 4096) = 4096
read(4, "                                "..., 4096) = 4096
read(4, "\0\0\0\0\0                  \0\0\0\0\0\0\0\0\0"..., 4096) = 4096
read(4, "                           NONE "..., 4096) = 4096
read(4, "                                "..., 4096) = 4096
read(4, "             NONE               "..., 4096) = 4096
read(4, "  HRC       ONLINE              "..., 4096) = 4096
read(4, "                                "..., 4096) = 4096
read(4, "        NONE                    "..., 4096) = 4096
read(4, "                                "..., 4096) = 4096
read(4, "c/rmf                           "..., 4096) = 4096
read(4, "   NONE                         "..., 4096) = 4096
read(4, "                               N"..., 4096) = 4096
read(4, "-08HRC-S     LETG   LETGS spectr"..., 4096) = 3712
lseek(4, 8192, SEEK_SET)                = 8192
read(4, "                                "..., 4096) = 4096
read(4, "                                "..., 4096) = 4096
read(4, "grnd                            "..., 4096) = 4096
read(4, "ONE                             "..., 4096) = 4096
read(4, "                           NONE "..., 4096) = 4096
read(4, "RC-I     NONE   HRC-I stowed bac"..., 4096) = 4096
read(4, "    hrciD2017-01-01bkgrndN0001.f"..., 4096) = 4096
read(4, "                      NONE      "..., 4096) = 4096
read(4, "                                "..., 4096) = 4096
read(4, "                                "..., 4096) = 4096
read(4, "LOOKUP           AXIS(U)        "..., 4096) = 4096
read(4, "                                "..., 4096) = 4096
read(4, "   NONE                         "..., 4096) = 4096
read(4, "1212:00:00@\351VP\0\0\0\0002002-01-2612:0"..., 4096) = 4096
read(4, "                                "..., 4096) = 4096
read(4, "NE                              "..., 4096) = 4096
read(4, "                          NONE  "..., 4096) = 4096
read(4, "\0\0\0\0\0CHANDRA   HRC       ONLINE "..., 4096) = 4096
read(4, "                                "..., 4096) = 4096
read(4, "                     NONE       "..., 4096) = 4096
read(4, "                                "..., 4096) = 4096
read(4, "ta/chandra/hrc/gti_lim          "..., 4096) = 4096
read(4, "                NONE            "..., 4096) = 4096
read(4, "                                "..., 4096) = 4096
read(4, "  \0\1\0\0002020-12-08HRC-I     NONE  "..., 4096) = 4096
read(4, "                     hrciD2012-0"..., 4096) = 4096
read(4, "                                "..., 4096) = 4096
read(4, "E                               "..., 4096) = 4096
read(4, "fficiency                       "..., 4096) = 4096
read(4, "s             QE                "..., 4096) = 4096
read(4, "                                "..., 4096) = 4096
read(4, "                    NONE        "..., 4096) = 4096
read(4, "         2015-08-0900:00:00@\353\363`\0"..., 4096) = 4096
read(4, "                                "..., 4096) = 4096
read(4, "               NONE             "..., 4096) = 4096
read(4, "                                "..., 4096) = 4096
read(4, "      \0\0\0\0\0\0\0\0\0\0\0\0\0\0\0\0CHANDRA   "..., 4096) = 4096
read(4, "          NONE                  "..., 4096) = 4096
read(4, "                                "..., 4096) = 4096
read(4, "                                "..., 4096) = 4096
read(4, "E              data/chandra/hrc/"..., 4096) = 4096
read(4, "                                "..., 4096) = 4096
read(4, "                                "..., 4096) = 4096
read(4, "                   \0\2\0\0002020-12-0"..., 4096) = 4096
read(4, "                                "..., 4096) = 4096
read(4, "                                "..., 4096) = 4096
read(4, "              NONE              "..., 4096) = 4096
read(4, "   quantum efficiency uniformity"..., 4096) = 4096
read(4, "-01-01qeuN0014.fits            Q"..., 4096) = 4096
read(4, "         NONE                   "..., 4096) = 4096
read(4, "                                "..., 4096) = 4096
read(4, "                          2009-0"..., 4096) = 4096
read(4, "    CHIP_ID(2)                  "..., 4096) = 4096
read(4, "                                "..., 4096) = 4096
read(4, "                                "..., 4096) = 4096
read(4, "\0\0\0\0\0                  \0\0\0\0\0\0\0\0\0"..., 4096) = 4096
read(4, "                           NONE "..., 4096) = 4096
read(4, "                                "..., 4096) = 4096
read(4, "             NONE               "..., 4096) = 4096
read(4, "  HRC       ONLINE              "..., 4096) = 4096
read(4, "                                "..., 4096) = 4096
read(4, "        NONE                    "..., 4096) = 4096
read(4, "                                "..., 4096) = 4096
read(4, "c/rmf                           "..., 4096) = 4096
read(4, "   NONE                         "..., 4096) = 4096
read(4, "                               N"..., 4096) = 4096
read(4, "-08HRC-S     LETG   LETGS spectr"..., 4096) = 3712
munmap(0x7f44784fe000, 290816)          = 0
close(4)                                = 0
brk(0x5636399bf000)                     = 0x5636399bf000
openat(AT_FDCWD, "/usr/local/ciao-4.13/CALDB/data/chandra/hrc/key.config", O_RDONLY) = 4
read(4, "# Time-stamp: <2008-01-07 16:22:"..., 8191) = 951
read(4, "", 8191)                       = 0
close(4)                                = 0
brk(0x5636399e3000)                     = 0x5636399e3000
openat(AT_FDCWD, "../data/hz43/22749/tg_reprocess/hrcf22749N002_pha2.fits", O_RDONLY) = 4
fstat(4, {st_mode=S_IFREG|0664, st_size=2790720, ...}) = 0
read(4, "SIMPLE  =                    T /"..., 4096) = 4096
close(4)                                = 0
openat(AT_FDCWD, "../data/hz43/22749/tg_reprocess/hrcf22749N002_pha2.fits", O_RDONLY) = 4
lseek(4, 0, SEEK_CUR)                   = 0
fstat(4, {st_mode=S_IFREG|0664, st_size=2790720, ...}) = 0
fstat(4, {st_mode=S_IFREG|0664, st_size=2790720, ...}) = 0
lseek(4, 2789376, SEEK_SET)             = 2789376
read(4, ":\v2\317;\n\213\t\273\n\213\t\272\v2\317\272\v2\317:\v2\317\0\0\0\0\0\0\0\0"..., 1344) = 1344
lseek(4, 0, SEEK_SET)                   = 0
read(4, "SIMPLE  =                    T /"..., 4096) = 4096
read(4, "   '           / Source name    "..., 4096) = 4096
read(4, " [mm] SIM defocus               "..., 4096) = 4096
read(4, "                        ASC00025"..., 4096) = 4096
read(4, "                TLMIN4  =       "..., 4096) = 4096
read(4, "BACKSCAL=        1.0000000E+00 /"..., 4096) = 4096
lseek(4, 2772992, SEEK_SET)             = 2772992
read(4, "?\373wwwwwb?\373fffffQ?\373UUUUU@?\373DDDDD/"..., 4096) = 4096
read(4, "e                               "..., 4096) = 4096
read(4, "                RA_PNT  =  1.990"..., 4096) = 4096
read(4, "TTYPE10 = 'TG_M    '           /"..., 4096) = 4096
lseek(4, -1536, SEEK_CUR)               = 2787840
close(4)                                = 0
openat(AT_FDCWD, "/usr/local/ciao-4.13/CALDB/data/chandra/hrc/qe/hrcsD2020-01-01qeN0015.fits", O_RDONLY) = 4
fstat(4, {st_mode=S_IFREG|0444, st_size=1304640, ...}) = 0
read(4, "SIMPLE  =                    T /"..., 4096) = 4096
close(4)                                = 0
openat(AT_FDCWD, "/usr/local/ciao-4.13/CALDB/data/chandra/hrc/qe/hrcsD2020-01-01qeN0015.fits", O_RDONLY) = 4
lseek(4, 0, SEEK_CUR)                   = 0
fstat(4, {st_mode=S_IFREG|0444, st_size=1304640, ...}) = 0
fstat(4, {st_mode=S_IFREG|0444, st_size=1304640, ...}) = 0
lseek(4, 1302528, SEEK_SET)             = 1302528
read(4, "\0\0\0\0\0\0\0\0\0\0\0\0\0\0\0\0\0\0\0\0\0\0\0\0\0\0\0\0\0\0\0\0"..., 2112) = 2112
lseek(4, 0, SEEK_SET)                   = 0
read(4, "SIMPLE  =                    T /"..., 4096) = 4096
read(4, "                                "..., 4096) = 4096
read(4, "ht/hrcs_qe/N0015/qeN0015.pl'    "..., 4096) = 4096
read(4, "                        ASC00007"..., 4096) = 4096
read(4, "                                "..., 4096) = 4096
lseek(4, 339968, SEEK_SET)              = 339968
read(4, "=\274z\317=\274ZS=\274k\260=\274s]=\274^\371=\274z9=\274so=\274\210\313"..., 4096) = 4096
read(4, "                TTYPE3  = 'ENERG"..., 4096) = 4096
read(4, "HISTORY  PARM  :value=0         "..., 4096) = 4096
read(4, "                                "..., 4096) = 4096
read(4, "=\233\332Q=\233\337\217=\233\344\315=\233\352\f=\233\357J=\233\364\210=\233\371\306=\233\377\4"..., 4096) = 4096
lseek(4, 352256, SEEK_SET)              = 352256
read(4, "                                "..., 4096) = 4096
read(4, "=\233\332Q=\233\337\217=\233\344\315=\233\352\f=\233\357J=\233\364\210=\233\371\306=\233\377\4"..., 32768) = 32768
read(4, "?>$\335?>:~?>P\36?>e\277?>{_?>\221\0?>\246\240?>\274A"..., 4096) = 4096
read(4, "<U\215/<T\354#<T:\260<S\227\363<R\372E<R`2<Q\214\356<P\350\241"..., 36864) = 36864
read(4, ">8I\357>7+Y>4\263\300>3\233\201>2k\n>1mF>0\177z>/b}"..., 4096) = 4096
lseek(4, 503808, SEEK_SET)              = 503808
read(4, "=\313\273H=\313\272\303=\313\257$=\313\266\251=\313\260\10=\313\253K=\313\2610=\313\261\232"..., 4096) = 4096
read(4, "=\225\344\244=\225\351\342=\225\357 =\225\364^=\225\371\234=\225\376\332=\226\4\31=\226\tW"..., 4096) = 4096
lseek(4, 503808, SEEK_SET)              = 503808
read(4, "=\313\273H=\313\272\303=\313\257$=\313\266\251=\313\260\10=\313\253K=\313\2610=\313\261\232"..., 4096) = 4096
read(4, "=\225\344\244=\225\351\342=\225\357 =\225\364^=\225\371\234=\225\376\332=\226\4\31=\226\tW"..., 36864) = 36864
read(4, "@\313`\351@\314&\351@\314\356c@\315\267k@\316\202\2@\317N\22@\320\33\332@\320\353\34"..., 4096) = 4096
read(4, "<\0C\311<\0006\227<\0,}<\0\37\23<\0\tu;\377\372I;\377\357L;\377\324\370"..., 32768) = 32768
read(4, ">@\346{>@yX>?\213Z>?M8>>\2749>>{\315>=\366\362>=\235\200"..., 4096) = 4096
lseek(4, 659456, SEEK_SET)              = 659456
read(4, "=\277[\177=\277sY=\277u|=\277zm=\277\215\232=\277\216I=\277\242==\277\302\244"..., 4096) = 4096
lseek(4, 663552, SEEK_SET)              = 663552
read(4, "=\244\354\352=\244\362(=\244\367f=\244\374\244=\245\1\342=\245\7!=\245\f_=\245\21\235"..., 32768) = 32768
read(4, "@%\267A@%\370\313@&\276\340@'\1;@'C\277@'\311\233@(\f\310@(PH"..., 4096) = 4096
read(4, ";\363\244\334;\363\316\361;\363\371\n;\364\17\7;\3648H;\364a\216;\364\212\316;\364\264!"..., 32768) = 32768
read(4, ">\252\244Y>\252\3070>\252\317|>\252\336\10>\252\323\300>\252\2149>\252)[>\252H-"..., 4096) = 4096
lseek(4, 811008, SEEK_SET)              = 811008
read(4, "=\261B\266=\261S\346=\261aI=\261` =\261m\266=\261k\35=\261{W=\261q\237"..., 4096) = 4096
lseek(4, 815104, SEEK_SET)              = 815104
read(4, "=\236\361\376=\236\367<=\236\374z=\237\1\270=\237\6\367=\237\f5=\237\21s=\237\26\261"..., 32768) = 32768
read(4, "?\177\373j?\200$\263?\2008\\?\200s\4?\200\232\252?\200\325\372?\200\351\243?\201$\362"..., 4096) = 4096
read(4, "<\\\343n<]\35X<]S9<]\213'<]\311\262<]\375\236<^4\23<^iA"..., 32768) = 32768
read(4, ">0t\247>3\223C>3\254\216>4\362|>5\0161>5\225,>5\355\267>6\22\33"..., 4096) = 4096
lseek(4, -80, SEEK_CUR)                 = 888752
close(4)                                = 0
openat(AT_FDCWD, "/usr/local/ciao-4.13/CALDB", O_RDONLY) = 4
close(4)                                = 0
openat(AT_FDCWD, "/usr/local/ciao-4.13/CALDB/software/tools/caldb.config", O_RDONLY) = 4
close(4)                                = 0
openat(AT_FDCWD, "/usr/local/ciao-4.13/CALDB/software/tools/alias_config.fits", O_RDONLY) = 4
fstat(4, {st_mode=S_IFREG|0444, st_size=14400, ...}) = 0
read(4, "SIMPLE  =                    T /"..., 4096) = 4096
close(4)                                = 0
openat(AT_FDCWD, "/usr/local/ciao-4.13/CALDB/software/tools/alias_config.fits", O_RDONLY) = 4
lseek(4, 0, SEEK_CUR)                   = 0
fstat(4, {st_mode=S_IFREG|0444, st_size=14400, ...}) = 0
fstat(4, {st_mode=S_IFREG|0444, st_size=14400, ...}) = 0
lseek(4, 12288, SEEK_SET)               = 12288
read(4, "\0\0\0\0\0\0\0\0\0\0\0\0\0\0\0\0\0\0\0\0\0\0\0\0\0\0\0\0\0\0\0\0"..., 2112) = 2112
lseek(4, 0, SEEK_SET)                   = 0
read(4, "SIMPLE  =                    T /"..., 4096) = 4096
lseek(4, -1216, SEEK_CUR)               = 2880
close(4)                                = 0
openat(AT_FDCWD, "/usr/local/ciao-4.13/CALDB/software/tools/caldb.config", O_RDONLY) = 4
read(4, "# ------------------------------"..., 8191) = 8191
read(4, "ST LAT CALDB data/fermi/lat cald"..., 8191) = 3474
read(4, "", 8191)                       = 0
close(4)                                = 0
openat(AT_FDCWD, "/usr/local/ciao-4.13/CALDB/data/chandra/hrc/caldb.indx", O_RDONLY) = 4
close(4)                                = 0
openat(AT_FDCWD, "/usr/local/ciao-4.13/CALDB/data/chandra/hrc/key.config", O_RDONLY) = 4
close(4)                                = 0
openat(AT_FDCWD, "/usr/local/ciao-4.13/CALDB/data/chandra/hrc/caldb.indx", O_RDONLY) = 4
fstat(4, {st_mode=S_IFREG|0444, st_size=282240, ...}) = 0
read(4, "SIMPLE  =                    T /"..., 4096) = 4096
close(4)                                = 0
openat(AT_FDCWD, "/usr/local/ciao-4.13/CALDB/data/chandra/hrc/caldb.indx", O_RDONLY) = 4
lseek(4, 0, SEEK_CUR)                   = 0
fstat(4, {st_mode=S_IFREG|0444, st_size=282240, ...}) = 0
fstat(4, {st_mode=S_IFREG|0444, st_size=282240, ...}) = 0
lseek(4, 278528, SEEK_SET)              = 278528
read(4, "-08HRC-S     LETG   LETGS spectr"..., 3712) = 3712
lseek(4, 0, SEEK_SET)                   = 0
read(4, "SIMPLE  =                    T /"..., 4096) = 4096
read(4, "   '           / data format of "..., 4096) = 4096
read(4, "                                "..., 4096) = 4096
read(4, "                                "..., 4096) = 4096
read(4, "grnd                            "..., 4096) = 4096
read(4, "ONE                             "..., 4096) = 4096
read(4, "                           NONE "..., 4096) = 4096
read(4, "RC-I     NONE   HRC-I stowed bac"..., 4096) = 4096
read(4, "    hrciD2017-01-01bkgrndN0001.f"..., 4096) = 4096
read(4, "                      NONE      "..., 4096) = 4096
read(4, "                                "..., 4096) = 4096
read(4, "                                "..., 4096) = 4096
read(4, "LOOKUP           AXIS(U)        "..., 4096) = 4096
read(4, "                                "..., 4096) = 4096
read(4, "   NONE                         "..., 4096) = 4096
read(4, "1212:00:00@\351VP\0\0\0\0002002-01-2612:0"..., 4096) = 4096
read(4, "                                "..., 4096) = 4096
read(4, "NE                              "..., 4096) = 4096
read(4, "                          NONE  "..., 4096) = 4096
read(4, "\0\0\0\0\0CHANDRA   HRC       ONLINE "..., 4096) = 4096
read(4, "                                "..., 4096) = 4096
read(4, "                     NONE       "..., 4096) = 4096
read(4, "                                "..., 4096) = 4096
read(4, "ta/chandra/hrc/gti_lim          "..., 4096) = 4096
read(4, "                NONE            "..., 4096) = 4096
read(4, "                                "..., 4096) = 4096
read(4, "  \0\1\0\0002020-12-08HRC-I     NONE  "..., 4096) = 4096
read(4, "                     hrciD2012-0"..., 4096) = 4096
read(4, "                                "..., 4096) = 4096
read(4, "E                               "..., 4096) = 4096
read(4, "fficiency                       "..., 4096) = 4096
read(4, "s             QE                "..., 4096) = 4096
read(4, "                                "..., 4096) = 4096
read(4, "                    NONE        "..., 4096) = 4096
read(4, "         2015-08-0900:00:00@\353\363`\0"..., 4096) = 4096
read(4, "                                "..., 4096) = 4096
read(4, "               NONE             "..., 4096) = 4096
read(4, "                                "..., 4096) = 4096
read(4, "      \0\0\0\0\0\0\0\0\0\0\0\0\0\0\0\0CHANDRA   "..., 4096) = 4096
read(4, "          NONE                  "..., 4096) = 4096
read(4, "                                "..., 4096) = 4096
read(4, "                                "..., 4096) = 4096
read(4, "E              data/chandra/hrc/"..., 4096) = 4096
read(4, "                                "..., 4096) = 4096
read(4, "                                "..., 4096) = 4096
read(4, "                   \0\2\0\0002020-12-0"..., 4096) = 4096
read(4, "                                "..., 4096) = 4096
read(4, "                                "..., 4096) = 4096
read(4, "              NONE              "..., 4096) = 4096
read(4, "   quantum efficiency uniformity"..., 4096) = 4096
read(4, "-01-01qeuN0014.fits            Q"..., 4096) = 4096
read(4, "         NONE                   "..., 4096) = 4096
read(4, "                                "..., 4096) = 4096
read(4, "                          2009-0"..., 4096) = 4096
read(4, "    CHIP_ID(2)                  "..., 4096) = 4096
read(4, "                                "..., 4096) = 4096
read(4, "                                "..., 4096) = 4096
read(4, "\0\0\0\0\0                  \0\0\0\0\0\0\0\0\0"..., 4096) = 4096
read(4, "                           NONE "..., 4096) = 4096
read(4, "                                "..., 4096) = 4096
read(4, "             NONE               "..., 4096) = 4096
read(4, "  HRC       ONLINE              "..., 4096) = 4096
read(4, "                                "..., 4096) = 4096
read(4, "        NONE                    "..., 4096) = 4096
read(4, "                                "..., 4096) = 4096
read(4, "c/rmf                           "..., 4096) = 4096
read(4, "   NONE                         "..., 4096) = 4096
read(4, "                               N"..., 4096) = 4096
read(4, "-08HRC-S     LETG   LETGS spectr"..., 4096) = 3712
lseek(4, 8192, SEEK_SET)                = 8192
read(4, "                                "..., 4096) = 4096
read(4, "                                "..., 4096) = 4096
read(4, "grnd                            "..., 4096) = 4096
read(4, "ONE                             "..., 4096) = 4096
read(4, "                           NONE "..., 4096) = 4096
read(4, "RC-I     NONE   HRC-I stowed bac"..., 4096) = 4096
read(4, "    hrciD2017-01-01bkgrndN0001.f"..., 4096) = 4096
read(4, "                      NONE      "..., 4096) = 4096
read(4, "                                "..., 4096) = 4096
read(4, "                                "..., 4096) = 4096
read(4, "LOOKUP           AXIS(U)        "..., 4096) = 4096
read(4, "                                "..., 4096) = 4096
read(4, "   NONE                         "..., 4096) = 4096
read(4, "1212:00:00@\351VP\0\0\0\0002002-01-2612:0"..., 4096) = 4096
read(4, "                                "..., 4096) = 4096
read(4, "NE                              "..., 4096) = 4096
read(4, "                          NONE  "..., 4096) = 4096
read(4, "\0\0\0\0\0CHANDRA   HRC       ONLINE "..., 4096) = 4096
read(4, "                                "..., 4096) = 4096
read(4, "                     NONE       "..., 4096) = 4096
read(4, "                                "..., 4096) = 4096
read(4, "ta/chandra/hrc/gti_lim          "..., 4096) = 4096
read(4, "                NONE            "..., 4096) = 4096
read(4, "                                "..., 4096) = 4096
read(4, "  \0\1\0\0002020-12-08HRC-I     NONE  "..., 4096) = 4096
read(4, "                     hrciD2012-0"..., 4096) = 4096
read(4, "                                "..., 4096) = 4096
read(4, "E                               "..., 4096) = 4096
read(4, "fficiency                       "..., 4096) = 4096
read(4, "s             QE                "..., 4096) = 4096
read(4, "                                "..., 4096) = 4096
read(4, "                    NONE        "..., 4096) = 4096
read(4, "         2015-08-0900:00:00@\353\363`\0"..., 4096) = 4096
read(4, "                                "..., 4096) = 4096
read(4, "               NONE             "..., 4096) = 4096
read(4, "                                "..., 4096) = 4096
read(4, "      \0\0\0\0\0\0\0\0\0\0\0\0\0\0\0\0CHANDRA   "..., 4096) = 4096
read(4, "          NONE                  "..., 4096) = 4096
read(4, "                                "..., 4096) = 4096
read(4, "                                "..., 4096) = 4096
read(4, "E              data/chandra/hrc/"..., 4096) = 4096
read(4, "                                "..., 4096) = 4096
read(4, "                                "..., 4096) = 4096
read(4, "                   \0\2\0\0002020-12-0"..., 4096) = 4096
read(4, "                                "..., 4096) = 4096
read(4, "                                "..., 4096) = 4096
read(4, "              NONE              "..., 4096) = 4096
read(4, "   quantum efficiency uniformity"..., 4096) = 4096
read(4, "-01-01qeuN0014.fits            Q"..., 4096) = 4096
read(4, "         NONE                   "..., 4096) = 4096
read(4, "                                "..., 4096) = 4096
read(4, "                          2009-0"..., 4096) = 4096
read(4, "    CHIP_ID(2)                  "..., 4096) = 4096
read(4, "                                "..., 4096) = 4096
read(4, "                                "..., 4096) = 4096
read(4, "\0\0\0\0\0                  \0\0\0\0\0\0\0\0\0"..., 4096) = 4096
read(4, "                           NONE "..., 4096) = 4096
read(4, "                                "..., 4096) = 4096
read(4, "             NONE               "..., 4096) = 4096
read(4, "  HRC       ONLINE              "..., 4096) = 4096
read(4, "                                "..., 4096) = 4096
read(4, "        NONE                    "..., 4096) = 4096
read(4, "                                "..., 4096) = 4096
read(4, "c/rmf                           "..., 4096) = 4096
read(4, "   NONE                         "..., 4096) = 4096
read(4, "                               N"..., 4096) = 4096
read(4, "-08HRC-S     LETG   LETGS spectr"..., 4096) = 3712
lseek(4, 8192, SEEK_SET)                = 8192
read(4, "                                "..., 4096) = 4096
read(4, "                                "..., 4096) = 4096
read(4, "grnd                            "..., 4096) = 4096
read(4, "ONE                             "..., 4096) = 4096
read(4, "                           NONE "..., 4096) = 4096
read(4, "RC-I     NONE   HRC-I stowed bac"..., 4096) = 4096
read(4, "    hrciD2017-01-01bkgrndN0001.f"..., 4096) = 4096
read(4, "                      NONE      "..., 4096) = 4096
read(4, "                                "..., 4096) = 4096
read(4, "                                "..., 4096) = 4096
read(4, "LOOKUP           AXIS(U)        "..., 4096) = 4096
read(4, "                                "..., 4096) = 4096
read(4, "   NONE                         "..., 4096) = 4096
read(4, "1212:00:00@\351VP\0\0\0\0002002-01-2612:0"..., 4096) = 4096
read(4, "                                "..., 4096) = 4096
read(4, "NE                              "..., 4096) = 4096
read(4, "                          NONE  "..., 4096) = 4096
read(4, "\0\0\0\0\0CHANDRA   HRC       ONLINE "..., 4096) = 4096
read(4, "                                "..., 4096) = 4096
read(4, "                     NONE       "..., 4096) = 4096
read(4, "                                "..., 4096) = 4096
read(4, "ta/chandra/hrc/gti_lim          "..., 4096) = 4096
read(4, "                NONE            "..., 4096) = 4096
read(4, "                                "..., 4096) = 4096
read(4, "  \0\1\0\0002020-12-08HRC-I     NONE  "..., 4096) = 4096
read(4, "                     hrciD2012-0"..., 4096) = 4096
read(4, "                                "..., 4096) = 4096
read(4, "E                               "..., 4096) = 4096
read(4, "fficiency                       "..., 4096) = 4096
read(4, "s             QE                "..., 4096) = 4096
read(4, "                                "..., 4096) = 4096
read(4, "                    NONE        "..., 4096) = 4096
read(4, "         2015-08-0900:00:00@\353\363`\0"..., 4096) = 4096
read(4, "                                "..., 4096) = 4096
read(4, "               NONE             "..., 4096) = 4096
read(4, "                                "..., 4096) = 4096
read(4, "      \0\0\0\0\0\0\0\0\0\0\0\0\0\0\0\0CHANDRA   "..., 4096) = 4096
read(4, "          NONE                  "..., 4096) = 4096
read(4, "                                "..., 4096) = 4096
read(4, "                                "..., 4096) = 4096
read(4, "E              data/chandra/hrc/"..., 4096) = 4096
read(4, "                                "..., 4096) = 4096
read(4, "                                "..., 4096) = 4096
read(4, "                   \0\2\0\0002020-12-0"..., 4096) = 4096
read(4, "                                "..., 4096) = 4096
read(4, "                                "..., 4096) = 4096
read(4, "              NONE              "..., 4096) = 4096
read(4, "   quantum efficiency uniformity"..., 4096) = 4096
read(4, "-01-01qeuN0014.fits            Q"..., 4096) = 4096
read(4, "         NONE                   "..., 4096) = 4096
read(4, "                                "..., 4096) = 4096
read(4, "                          2009-0"..., 4096) = 4096
read(4, "    CHIP_ID(2)                  "..., 4096) = 4096
read(4, "                                "..., 4096) = 4096
read(4, "                                "..., 4096) = 4096
read(4, "\0\0\0\0\0                  \0\0\0\0\0\0\0\0\0"..., 4096) = 4096
read(4, "                           NONE "..., 4096) = 4096
read(4, "                                "..., 4096) = 4096
read(4, "             NONE               "..., 4096) = 4096
read(4, "  HRC       ONLINE              "..., 4096) = 4096
read(4, "                                "..., 4096) = 4096
read(4, "        NONE                    "..., 4096) = 4096
read(4, "                                "..., 4096) = 4096
read(4, "c/rmf                           "..., 4096) = 4096
read(4, "   NONE                         "..., 4096) = 4096
read(4, "                               N"..., 4096) = 4096
read(4, "-08HRC-S     LETG   LETGS spectr"..., 4096) = 3712
lseek(4, 8192, SEEK_SET)                = 8192
read(4, "                                "..., 4096) = 4096
read(4, "                                "..., 4096) = 4096
read(4, "grnd                            "..., 4096) = 4096
read(4, "ONE                             "..., 4096) = 4096
read(4, "                           NONE "..., 4096) = 4096
read(4, "RC-I     NONE   HRC-I stowed bac"..., 4096) = 4096
read(4, "    hrciD2017-01-01bkgrndN0001.f"..., 4096) = 4096
read(4, "                      NONE      "..., 4096) = 4096
read(4, "                                "..., 4096) = 4096
read(4, "                                "..., 4096) = 4096
read(4, "LOOKUP           AXIS(U)        "..., 4096) = 4096
read(4, "                                "..., 4096) = 4096
read(4, "   NONE                         "..., 4096) = 4096
read(4, "1212:00:00@\351VP\0\0\0\0002002-01-2612:0"..., 4096) = 4096
read(4, "                                "..., 4096) = 4096
read(4, "NE                              "..., 4096) = 4096
read(4, "                          NONE  "..., 4096) = 4096
read(4, "\0\0\0\0\0CHANDRA   HRC       ONLINE "..., 4096) = 4096
read(4, "                                "..., 4096) = 4096
read(4, "                     NONE       "..., 4096) = 4096
read(4, "                                "..., 4096) = 4096
read(4, "ta/chandra/hrc/gti_lim          "..., 4096) = 4096
read(4, "                NONE            "..., 4096) = 4096
read(4, "                                "..., 4096) = 4096
read(4, "  \0\1\0\0002020-12-08HRC-I     NONE  "..., 4096) = 4096
read(4, "                     hrciD2012-0"..., 4096) = 4096
read(4, "                                "..., 4096) = 4096
read(4, "E                               "..., 4096) = 4096
read(4, "fficiency                       "..., 4096) = 4096
read(4, "s             QE                "..., 4096) = 4096
read(4, "                                "..., 4096) = 4096
read(4, "                    NONE        "..., 4096) = 4096
read(4, "         2015-08-0900:00:00@\353\363`\0"..., 4096) = 4096
read(4, "                                "..., 4096) = 4096
read(4, "               NONE             "..., 4096) = 4096
read(4, "                                "..., 4096) = 4096
read(4, "      \0\0\0\0\0\0\0\0\0\0\0\0\0\0\0\0CHANDRA   "..., 4096) = 4096
read(4, "          NONE                  "..., 4096) = 4096
read(4, "                                "..., 4096) = 4096
read(4, "                                "..., 4096) = 4096
read(4, "E              data/chandra/hrc/"..., 4096) = 4096
read(4, "                                "..., 4096) = 4096
read(4, "                                "..., 4096) = 4096
read(4, "                   \0\2\0\0002020-12-0"..., 4096) = 4096
read(4, "                                "..., 4096) = 4096
read(4, "                                "..., 4096) = 4096
read(4, "              NONE              "..., 4096) = 4096
read(4, "   quantum efficiency uniformity"..., 4096) = 4096
read(4, "-01-01qeuN0014.fits            Q"..., 4096) = 4096
read(4, "         NONE                   "..., 4096) = 4096
read(4, "                                "..., 4096) = 4096
read(4, "                          2009-0"..., 4096) = 4096
read(4, "    CHIP_ID(2)                  "..., 4096) = 4096
read(4, "                                "..., 4096) = 4096
read(4, "                                "..., 4096) = 4096
read(4, "\0\0\0\0\0                  \0\0\0\0\0\0\0\0\0"..., 4096) = 4096
read(4, "                           NONE "..., 4096) = 4096
read(4, "                                "..., 4096) = 4096
read(4, "             NONE               "..., 4096) = 4096
read(4, "  HRC       ONLINE              "..., 4096) = 4096
read(4, "                                "..., 4096) = 4096
read(4, "        NONE                    "..., 4096) = 4096
read(4, "                                "..., 4096) = 4096
read(4, "c/rmf                           "..., 4096) = 4096
read(4, "   NONE                         "..., 4096) = 4096
read(4, "                               N"..., 4096) = 4096
read(4, "-08HRC-S     LETG   LETGS spectr"..., 4096) = 3712
lseek(4, 8192, SEEK_SET)                = 8192
read(4, "                                "..., 4096) = 4096
read(4, "                                "..., 4096) = 4096
read(4, "grnd                            "..., 4096) = 4096
read(4, "ONE                             "..., 4096) = 4096
read(4, "                           NONE "..., 4096) = 4096
read(4, "RC-I     NONE   HRC-I stowed bac"..., 4096) = 4096
read(4, "    hrciD2017-01-01bkgrndN0001.f"..., 4096) = 4096
read(4, "                      NONE      "..., 4096) = 4096
read(4, "                                "..., 4096) = 4096
read(4, "                                "..., 4096) = 4096
read(4, "LOOKUP           AXIS(U)        "..., 4096) = 4096
read(4, "                                "..., 4096) = 4096
read(4, "   NONE                         "..., 4096) = 4096
read(4, "1212:00:00@\351VP\0\0\0\0002002-01-2612:0"..., 4096) = 4096
read(4, "                                "..., 4096) = 4096
read(4, "NE                              "..., 4096) = 4096
read(4, "                          NONE  "..., 4096) = 4096
read(4, "\0\0\0\0\0CHANDRA   HRC       ONLINE "..., 4096) = 4096
read(4, "                                "..., 4096) = 4096
read(4, "                     NONE       "..., 4096) = 4096
read(4, "                                "..., 4096) = 4096
read(4, "ta/chandra/hrc/gti_lim          "..., 4096) = 4096
read(4, "                NONE            "..., 4096) = 4096
read(4, "                                "..., 4096) = 4096
read(4, "  \0\1\0\0002020-12-08HRC-I     NONE  "..., 4096) = 4096
read(4, "                     hrciD2012-0"..., 4096) = 4096
read(4, "                                "..., 4096) = 4096
read(4, "E                               "..., 4096) = 4096
read(4, "fficiency                       "..., 4096) = 4096
read(4, "s             QE                "..., 4096) = 4096
read(4, "                                "..., 4096) = 4096
read(4, "                    NONE        "..., 4096) = 4096
read(4, "         2015-08-0900:00:00@\353\363`\0"..., 4096) = 4096
read(4, "                                "..., 4096) = 4096
read(4, "               NONE             "..., 4096) = 4096
read(4, "                                "..., 4096) = 4096
read(4, "      \0\0\0\0\0\0\0\0\0\0\0\0\0\0\0\0CHANDRA   "..., 4096) = 4096
read(4, "          NONE                  "..., 4096) = 4096
read(4, "                                "..., 4096) = 4096
read(4, "                                "..., 4096) = 4096
read(4, "E              data/chandra/hrc/"..., 4096) = 4096
read(4, "                                "..., 4096) = 4096
read(4, "                                "..., 4096) = 4096
read(4, "                   \0\2\0\0002020-12-0"..., 4096) = 4096
read(4, "                                "..., 4096) = 4096
read(4, "                                "..., 4096) = 4096
read(4, "              NONE              "..., 4096) = 4096
read(4, "   quantum efficiency uniformity"..., 4096) = 4096
read(4, "-01-01qeuN0014.fits            Q"..., 4096) = 4096
read(4, "         NONE                   "..., 4096) = 4096
read(4, "                                "..., 4096) = 4096
read(4, "                          2009-0"..., 4096) = 4096
read(4, "    CHIP_ID(2)                  "..., 4096) = 4096
read(4, "                                "..., 4096) = 4096
read(4, "                                "..., 4096) = 4096
read(4, "\0\0\0\0\0                  \0\0\0\0\0\0\0\0\0"..., 4096) = 4096
read(4, "                           NONE "..., 4096) = 4096
read(4, "                                "..., 4096) = 4096
read(4, "             NONE               "..., 4096) = 4096
read(4, "  HRC       ONLINE              "..., 4096) = 4096
read(4, "                                "..., 4096) = 4096
read(4, "        NONE                    "..., 4096) = 4096
read(4, "                                "..., 4096) = 4096
read(4, "c/rmf                           "..., 4096) = 4096
read(4, "   NONE                         "..., 4096) = 4096
read(4, "                               N"..., 4096) = 4096
read(4, "-08HRC-S     LETG   LETGS spectr"..., 4096) = 3712
lseek(4, 8192, SEEK_SET)                = 8192
read(4, "                                "..., 4096) = 4096
read(4, "                                "..., 4096) = 4096
read(4, "grnd                            "..., 4096) = 4096
read(4, "ONE                             "..., 4096) = 4096
read(4, "                           NONE "..., 4096) = 4096
read(4, "RC-I     NONE   HRC-I stowed bac"..., 4096) = 4096
read(4, "    hrciD2017-01-01bkgrndN0001.f"..., 4096) = 4096
read(4, "                      NONE      "..., 4096) = 4096
read(4, "                                "..., 4096) = 4096
read(4, "                                "..., 4096) = 4096
read(4, "LOOKUP           AXIS(U)        "..., 4096) = 4096
read(4, "                                "..., 4096) = 4096
read(4, "   NONE                         "..., 4096) = 4096
read(4, "1212:00:00@\351VP\0\0\0\0002002-01-2612:0"..., 4096) = 4096
read(4, "                                "..., 4096) = 4096
read(4, "NE                              "..., 4096) = 4096
read(4, "                          NONE  "..., 4096) = 4096
read(4, "\0\0\0\0\0CHANDRA   HRC       ONLINE "..., 4096) = 4096
read(4, "                                "..., 4096) = 4096
read(4, "                     NONE       "..., 4096) = 4096
read(4, "                                "..., 4096) = 4096
read(4, "ta/chandra/hrc/gti_lim          "..., 4096) = 4096
read(4, "                NONE            "..., 4096) = 4096
read(4, "                                "..., 4096) = 4096
read(4, "  \0\1\0\0002020-12-08HRC-I     NONE  "..., 4096) = 4096
read(4, "                     hrciD2012-0"..., 4096) = 4096
read(4, "                                "..., 4096) = 4096
read(4, "E                               "..., 4096) = 4096
read(4, "fficiency                       "..., 4096) = 4096
read(4, "s             QE                "..., 4096) = 4096
read(4, "                                "..., 4096) = 4096
read(4, "                    NONE        "..., 4096) = 4096
read(4, "         2015-08-0900:00:00@\353\363`\0"..., 4096) = 4096
read(4, "                                "..., 4096) = 4096
read(4, "               NONE             "..., 4096) = 4096
read(4, "                                "..., 4096) = 4096
read(4, "      \0\0\0\0\0\0\0\0\0\0\0\0\0\0\0\0CHANDRA   "..., 4096) = 4096
read(4, "          NONE                  "..., 4096) = 4096
read(4, "                                "..., 4096) = 4096
read(4, "                                "..., 4096) = 4096
read(4, "E              data/chandra/hrc/"..., 4096) = 4096
read(4, "                                "..., 4096) = 4096
read(4, "                                "..., 4096) = 4096
read(4, "                   \0\2\0\0002020-12-0"..., 4096) = 4096
read(4, "                                "..., 4096) = 4096
read(4, "                                "..., 4096) = 4096
read(4, "              NONE              "..., 4096) = 4096
read(4, "   quantum efficiency uniformity"..., 4096) = 4096
read(4, "-01-01qeuN0014.fits            Q"..., 4096) = 4096
read(4, "         NONE                   "..., 4096) = 4096
read(4, "                                "..., 4096) = 4096
read(4, "                          2009-0"..., 4096) = 4096
read(4, "    CHIP_ID(2)                  "..., 4096) = 4096
read(4, "                                "..., 4096) = 4096
read(4, "                                "..., 4096) = 4096
read(4, "\0\0\0\0\0                  \0\0\0\0\0\0\0\0\0"..., 4096) = 4096
read(4, "                           NONE "..., 4096) = 4096
read(4, "                                "..., 4096) = 4096
read(4, "             NONE               "..., 4096) = 4096
read(4, "  HRC       ONLINE              "..., 4096) = 4096
read(4, "                                "..., 4096) = 4096
read(4, "        NONE                    "..., 4096) = 4096
read(4, "                                "..., 4096) = 4096
read(4, "c/rmf                           "..., 4096) = 4096
read(4, "   NONE                         "..., 4096) = 4096
read(4, "                               N"..., 4096) = 4096
read(4, "-08HRC-S     LETG   LETGS spectr"..., 4096) = 3712
lseek(4, 8192, SEEK_SET)                = 8192
read(4, "                                "..., 4096) = 4096
read(4, "                                "..., 4096) = 4096
read(4, "grnd                            "..., 4096) = 4096
read(4, "ONE                             "..., 4096) = 4096
read(4, "                           NONE "..., 4096) = 4096
read(4, "RC-I     NONE   HRC-I stowed bac"..., 4096) = 4096
read(4, "    hrciD2017-01-01bkgrndN0001.f"..., 4096) = 4096
read(4, "                      NONE      "..., 4096) = 4096
read(4, "                                "..., 4096) = 4096
read(4, "                                "..., 4096) = 4096
read(4, "LOOKUP           AXIS(U)        "..., 4096) = 4096
read(4, "                                "..., 4096) = 4096
read(4, "   NONE                         "..., 4096) = 4096
read(4, "1212:00:00@\351VP\0\0\0\0002002-01-2612:0"..., 4096) = 4096
read(4, "                                "..., 4096) = 4096
read(4, "NE                              "..., 4096) = 4096
read(4, "                          NONE  "..., 4096) = 4096
read(4, "\0\0\0\0\0CHANDRA   HRC       ONLINE "..., 4096) = 4096
read(4, "                                "..., 4096) = 4096
read(4, "                     NONE       "..., 4096) = 4096
read(4, "                                "..., 4096) = 4096
read(4, "ta/chandra/hrc/gti_lim          "..., 4096) = 4096
read(4, "                NONE            "..., 4096) = 4096
read(4, "                                "..., 4096) = 4096
read(4, "  \0\1\0\0002020-12-08HRC-I     NONE  "..., 4096) = 4096
read(4, "                     hrciD2012-0"..., 4096) = 4096
read(4, "                                "..., 4096) = 4096
read(4, "E                               "..., 4096) = 4096
read(4, "fficiency                       "..., 4096) = 4096
read(4, "s             QE                "..., 4096) = 4096
read(4, "                                "..., 4096) = 4096
read(4, "                    NONE        "..., 4096) = 4096
read(4, "         2015-08-0900:00:00@\353\363`\0"..., 4096) = 4096
read(4, "                                "..., 4096) = 4096
read(4, "               NONE             "..., 4096) = 4096
read(4, "                                "..., 4096) = 4096
read(4, "      \0\0\0\0\0\0\0\0\0\0\0\0\0\0\0\0CHANDRA   "..., 4096) = 4096
read(4, "          NONE                  "..., 4096) = 4096
read(4, "                                "..., 4096) = 4096
read(4, "                                "..., 4096) = 4096
read(4, "E              data/chandra/hrc/"..., 4096) = 4096
read(4, "                                "..., 4096) = 4096
read(4, "                                "..., 4096) = 4096
read(4, "                   \0\2\0\0002020-12-0"..., 4096) = 4096
read(4, "                                "..., 4096) = 4096
read(4, "                                "..., 4096) = 4096
read(4, "              NONE              "..., 4096) = 4096
read(4, "   quantum efficiency uniformity"..., 4096) = 4096
read(4, "-01-01qeuN0014.fits            Q"..., 4096) = 4096
read(4, "         NONE                   "..., 4096) = 4096
read(4, "                                "..., 4096) = 4096
read(4, "                          2009-0"..., 4096) = 4096
read(4, "    CHIP_ID(2)                  "..., 4096) = 4096
read(4, "                                "..., 4096) = 4096
read(4, "                                "..., 4096) = 4096
read(4, "\0\0\0\0\0                  \0\0\0\0\0\0\0\0\0"..., 4096) = 4096
read(4, "                           NONE "..., 4096) = 4096
read(4, "                                "..., 4096) = 4096
read(4, "             NONE               "..., 4096) = 4096
read(4, "  HRC       ONLINE              "..., 4096) = 4096
read(4, "                                "..., 4096) = 4096
read(4, "        NONE                    "..., 4096) = 4096
read(4, "                                "..., 4096) = 4096
read(4, "c/rmf                           "..., 4096) = 4096
read(4, "   NONE                         "..., 4096) = 4096
read(4, "                               N"..., 4096) = 4096
read(4, "-08HRC-S     LETG   LETGS spectr"..., 4096) = 3712
lseek(4, 8192, SEEK_SET)                = 8192
read(4, "                                "..., 4096) = 4096
read(4, "                                "..., 4096) = 4096
lseek(4, 4096, SEEK_SET)                = 4096
read(4, "   '           / data format of "..., 4096) = 4096
read(4, "                                "..., 4096) = 4096
lseek(4, 0, SEEK_SET)                   = 0
read(4, "SIMPLE  =                    T /"..., 4096) = 4096
read(4, "   '           / data format of "..., 4096) = 4096
lseek(4, 12288, SEEK_SET)               = 12288
read(4, "                                "..., 4096) = 4096
read(4, "grnd                            "..., 4096) = 4096
read(4, "ONE                             "..., 4096) = 4096
read(4, "                           NONE "..., 4096) = 4096
read(4, "RC-I     NONE   HRC-I stowed bac"..., 4096) = 4096
read(4, "    hrciD2017-01-01bkgrndN0001.f"..., 4096) = 4096
read(4, "                      NONE      "..., 4096) = 4096
read(4, "                                "..., 4096) = 4096
read(4, "                                "..., 4096) = 4096
read(4, "LOOKUP           AXIS(U)        "..., 4096) = 4096
read(4, "                                "..., 4096) = 4096
read(4, "   NONE                         "..., 4096) = 4096
read(4, "1212:00:00@\351VP\0\0\0\0002002-01-2612:0"..., 4096) = 4096
read(4, "                                "..., 4096) = 4096
read(4, "NE                              "..., 4096) = 4096
read(4, "                          NONE  "..., 4096) = 4096
read(4, "\0\0\0\0\0CHANDRA   HRC       ONLINE "..., 4096) = 4096
read(4, "                                "..., 4096) = 4096
read(4, "                     NONE       "..., 4096) = 4096
read(4, "                                "..., 4096) = 4096
read(4, "ta/chandra/hrc/gti_lim          "..., 4096) = 4096
read(4, "                NONE            "..., 4096) = 4096
read(4, "                                "..., 4096) = 4096
read(4, "  \0\1\0\0002020-12-08HRC-I     NONE  "..., 4096) = 4096
read(4, "                     hrciD2012-0"..., 4096) = 4096
read(4, "                                "..., 4096) = 4096
read(4, "E                               "..., 4096) = 4096
read(4, "fficiency                       "..., 4096) = 4096
read(4, "s             QE                "..., 4096) = 4096
read(4, "                                "..., 4096) = 4096
read(4, "                    NONE        "..., 4096) = 4096
read(4, "         2015-08-0900:00:00@\353\363`\0"..., 4096) = 4096
read(4, "                                "..., 4096) = 4096
read(4, "               NONE             "..., 4096) = 4096
read(4, "                                "..., 4096) = 4096
read(4, "      \0\0\0\0\0\0\0\0\0\0\0\0\0\0\0\0CHANDRA   "..., 4096) = 4096
read(4, "          NONE                  "..., 4096) = 4096
read(4, "                                "..., 4096) = 4096
read(4, "                                "..., 4096) = 4096
read(4, "E              data/chandra/hrc/"..., 4096) = 4096
read(4, "                                "..., 4096) = 4096
read(4, "                                "..., 4096) = 4096
read(4, "                   \0\2\0\0002020-12-0"..., 4096) = 4096
read(4, "                                "..., 4096) = 4096
read(4, "                                "..., 4096) = 4096
read(4, "              NONE              "..., 4096) = 4096
read(4, "   quantum efficiency uniformity"..., 4096) = 4096
read(4, "-01-01qeuN0014.fits            Q"..., 4096) = 4096
read(4, "         NONE                   "..., 4096) = 4096
read(4, "                                "..., 4096) = 4096
read(4, "                          2009-0"..., 4096) = 4096
read(4, "    CHIP_ID(2)                  "..., 4096) = 4096
read(4, "                                "..., 4096) = 4096
read(4, "                                "..., 4096) = 4096
read(4, "\0\0\0\0\0                  \0\0\0\0\0\0\0\0\0"..., 4096) = 4096
read(4, "                           NONE "..., 4096) = 4096
read(4, "                                "..., 4096) = 4096
read(4, "             NONE               "..., 4096) = 4096
read(4, "  HRC       ONLINE              "..., 4096) = 4096
read(4, "                                "..., 4096) = 4096
read(4, "        NONE                    "..., 4096) = 4096
read(4, "                                "..., 4096) = 4096
read(4, "c/rmf                           "..., 4096) = 4096
read(4, "   NONE                         "..., 4096) = 4096
read(4, "                               N"..., 4096) = 4096
read(4, "-08HRC-S     LETG   LETGS spectr"..., 4096) = 3712
lseek(4, 8192, SEEK_SET)                = 8192
read(4, "                                "..., 4096) = 4096
read(4, "                                "..., 4096) = 4096
read(4, "grnd                            "..., 4096) = 4096
read(4, "ONE                             "..., 4096) = 4096
read(4, "                           NONE "..., 4096) = 4096
read(4, "RC-I     NONE   HRC-I stowed bac"..., 4096) = 4096
read(4, "    hrciD2017-01-01bkgrndN0001.f"..., 4096) = 4096
read(4, "                      NONE      "..., 4096) = 4096
read(4, "                                "..., 4096) = 4096
read(4, "                                "..., 4096) = 4096
read(4, "LOOKUP           AXIS(U)        "..., 4096) = 4096
read(4, "                                "..., 4096) = 4096
read(4, "   NONE                         "..., 4096) = 4096
read(4, "1212:00:00@\351VP\0\0\0\0002002-01-2612:0"..., 4096) = 4096
read(4, "                                "..., 4096) = 4096
read(4, "NE                              "..., 4096) = 4096
read(4, "                          NONE  "..., 4096) = 4096
read(4, "\0\0\0\0\0CHANDRA   HRC       ONLINE "..., 4096) = 4096
read(4, "                                "..., 4096) = 4096
read(4, "                     NONE       "..., 4096) = 4096
read(4, "                                "..., 4096) = 4096
read(4, "ta/chandra/hrc/gti_lim          "..., 4096) = 4096
read(4, "                NONE            "..., 4096) = 4096
read(4, "                                "..., 4096) = 4096
read(4, "  \0\1\0\0002020-12-08HRC-I     NONE  "..., 4096) = 4096
read(4, "                     hrciD2012-0"..., 4096) = 4096
read(4, "                                "..., 4096) = 4096
read(4, "E                               "..., 4096) = 4096
read(4, "fficiency                       "..., 4096) = 4096
read(4, "s             QE                "..., 4096) = 4096
read(4, "                                "..., 4096) = 4096
read(4, "                    NONE        "..., 4096) = 4096
read(4, "         2015-08-0900:00:00@\353\363`\0"..., 4096) = 4096
read(4, "                                "..., 4096) = 4096
read(4, "               NONE             "..., 4096) = 4096
read(4, "                                "..., 4096) = 4096
read(4, "      \0\0\0\0\0\0\0\0\0\0\0\0\0\0\0\0CHANDRA   "..., 4096) = 4096
read(4, "          NONE                  "..., 4096) = 4096
read(4, "                                "..., 4096) = 4096
read(4, "                                "..., 4096) = 4096
read(4, "E              data/chandra/hrc/"..., 4096) = 4096
read(4, "                                "..., 4096) = 4096
read(4, "                                "..., 4096) = 4096
read(4, "                   \0\2\0\0002020-12-0"..., 4096) = 4096
read(4, "                                "..., 4096) = 4096
read(4, "                                "..., 4096) = 4096
read(4, "              NONE              "..., 4096) = 4096
read(4, "   quantum efficiency uniformity"..., 4096) = 4096
read(4, "-01-01qeuN0014.fits            Q"..., 4096) = 4096
read(4, "         NONE                   "..., 4096) = 4096
read(4, "                                "..., 4096) = 4096
read(4, "                          2009-0"..., 4096) = 4096
read(4, "    CHIP_ID(2)                  "..., 4096) = 4096
read(4, "                                "..., 4096) = 4096
read(4, "                                "..., 4096) = 4096
read(4, "\0\0\0\0\0                  \0\0\0\0\0\0\0\0\0"..., 4096) = 4096
read(4, "                           NONE "..., 4096) = 4096
read(4, "                                "..., 4096) = 4096
read(4, "             NONE               "..., 4096) = 4096
read(4, "  HRC       ONLINE              "..., 4096) = 4096
read(4, "                                "..., 4096) = 4096
read(4, "        NONE                    "..., 4096) = 4096
read(4, "                                "..., 4096) = 4096
read(4, "c/rmf                           "..., 4096) = 4096
read(4, "   NONE                         "..., 4096) = 4096
read(4, "                               N"..., 4096) = 4096
read(4, "-08HRC-S     LETG   LETGS spectr"..., 4096) = 3712
lseek(4, 8192, SEEK_SET)                = 8192
read(4, "                                "..., 4096) = 4096
read(4, "                                "..., 4096) = 4096
read(4, "grnd                            "..., 4096) = 4096
read(4, "ONE                             "..., 4096) = 4096
read(4, "                           NONE "..., 4096) = 4096
read(4, "RC-I     NONE   HRC-I stowed bac"..., 4096) = 4096
read(4, "    hrciD2017-01-01bkgrndN0001.f"..., 4096) = 4096
read(4, "                      NONE      "..., 4096) = 4096
read(4, "                                "..., 4096) = 4096
read(4, "                                "..., 4096) = 4096
read(4, "LOOKUP           AXIS(U)        "..., 4096) = 4096
read(4, "                                "..., 4096) = 4096
read(4, "   NONE                         "..., 4096) = 4096
read(4, "1212:00:00@\351VP\0\0\0\0002002-01-2612:0"..., 4096) = 4096
read(4, "                                "..., 4096) = 4096
read(4, "NE                              "..., 4096) = 4096
read(4, "                          NONE  "..., 4096) = 4096
read(4, "\0\0\0\0\0CHANDRA   HRC       ONLINE "..., 4096) = 4096
read(4, "                                "..., 4096) = 4096
read(4, "                     NONE       "..., 4096) = 4096
read(4, "                                "..., 4096) = 4096
read(4, "ta/chandra/hrc/gti_lim          "..., 4096) = 4096
read(4, "                NONE            "..., 4096) = 4096
read(4, "                                "..., 4096) = 4096
read(4, "  \0\1\0\0002020-12-08HRC-I     NONE  "..., 4096) = 4096
read(4, "                     hrciD2012-0"..., 4096) = 4096
read(4, "                                "..., 4096) = 4096
read(4, "E                               "..., 4096) = 4096
read(4, "fficiency                       "..., 4096) = 4096
read(4, "s             QE                "..., 4096) = 4096
read(4, "                                "..., 4096) = 4096
read(4, "                    NONE        "..., 4096) = 4096
read(4, "         2015-08-0900:00:00@\353\363`\0"..., 4096) = 4096
read(4, "                                "..., 4096) = 4096
read(4, "               NONE             "..., 4096) = 4096
read(4, "                                "..., 4096) = 4096
read(4, "      \0\0\0\0\0\0\0\0\0\0\0\0\0\0\0\0CHANDRA   "..., 4096) = 4096
read(4, "          NONE                  "..., 4096) = 4096
read(4, "                                "..., 4096) = 4096
read(4, "                                "..., 4096) = 4096
read(4, "E              data/chandra/hrc/"..., 4096) = 4096
read(4, "                                "..., 4096) = 4096
read(4, "                                "..., 4096) = 4096
read(4, "                   \0\2\0\0002020-12-0"..., 4096) = 4096
read(4, "                                "..., 4096) = 4096
read(4, "                                "..., 4096) = 4096
read(4, "              NONE              "..., 4096) = 4096
read(4, "   quantum efficiency uniformity"..., 4096) = 4096
read(4, "-01-01qeuN0014.fits            Q"..., 4096) = 4096
read(4, "         NONE                   "..., 4096) = 4096
read(4, "                                "..., 4096) = 4096
read(4, "                          2009-0"..., 4096) = 4096
read(4, "    CHIP_ID(2)                  "..., 4096) = 4096
read(4, "                                "..., 4096) = 4096
read(4, "                                "..., 4096) = 4096
read(4, "\0\0\0\0\0                  \0\0\0\0\0\0\0\0\0"..., 4096) = 4096
read(4, "                           NONE "..., 4096) = 4096
read(4, "                                "..., 4096) = 4096
read(4, "             NONE               "..., 4096) = 4096
read(4, "  HRC       ONLINE              "..., 4096) = 4096
read(4, "                                "..., 4096) = 4096
read(4, "        NONE                    "..., 4096) = 4096
read(4, "                                "..., 4096) = 4096
read(4, "c/rmf                           "..., 4096) = 4096
read(4, "   NONE                         "..., 4096) = 4096
read(4, "                               N"..., 4096) = 4096
read(4, "-08HRC-S     LETG   LETGS spectr"..., 4096) = 3712
lseek(4, 8192, SEEK_SET)                = 8192
read(4, "                                "..., 4096) = 4096
read(4, "                                "..., 4096) = 4096
read(4, "grnd                            "..., 4096) = 4096
read(4, "ONE                             "..., 4096) = 4096
read(4, "                           NONE "..., 4096) = 4096
read(4, "RC-I     NONE   HRC-I stowed bac"..., 4096) = 4096
read(4, "    hrciD2017-01-01bkgrndN0001.f"..., 4096) = 4096
read(4, "                      NONE      "..., 4096) = 4096
read(4, "                                "..., 4096) = 4096
read(4, "                                "..., 4096) = 4096
read(4, "LOOKUP           AXIS(U)        "..., 4096) = 4096
read(4, "                                "..., 4096) = 4096
read(4, "   NONE                         "..., 4096) = 4096
read(4, "1212:00:00@\351VP\0\0\0\0002002-01-2612:0"..., 4096) = 4096
read(4, "                                "..., 4096) = 4096
read(4, "NE                              "..., 4096) = 4096
read(4, "                          NONE  "..., 4096) = 4096
read(4, "\0\0\0\0\0CHANDRA   HRC       ONLINE "..., 4096) = 4096
read(4, "                                "..., 4096) = 4096
read(4, "                     NONE       "..., 4096) = 4096
read(4, "                                "..., 4096) = 4096
read(4, "ta/chandra/hrc/gti_lim          "..., 4096) = 4096
read(4, "                NONE            "..., 4096) = 4096
read(4, "                                "..., 4096) = 4096
read(4, "  \0\1\0\0002020-12-08HRC-I     NONE  "..., 4096) = 4096
read(4, "                     hrciD2012-0"..., 4096) = 4096
read(4, "                                "..., 4096) = 4096
read(4, "E                               "..., 4096) = 4096
read(4, "fficiency                       "..., 4096) = 4096
read(4, "s             QE                "..., 4096) = 4096
read(4, "                                "..., 4096) = 4096
read(4, "                    NONE        "..., 4096) = 4096
read(4, "         2015-08-0900:00:00@\353\363`\0"..., 4096) = 4096
read(4, "                                "..., 4096) = 4096
read(4, "               NONE             "..., 4096) = 4096
read(4, "                                "..., 4096) = 4096
read(4, "      \0\0\0\0\0\0\0\0\0\0\0\0\0\0\0\0CHANDRA   "..., 4096) = 4096
read(4, "          NONE                  "..., 4096) = 4096
read(4, "                                "..., 4096) = 4096
read(4, "                                "..., 4096) = 4096
read(4, "E              data/chandra/hrc/"..., 4096) = 4096
read(4, "                                "..., 4096) = 4096
read(4, "                                "..., 4096) = 4096
read(4, "                   \0\2\0\0002020-12-0"..., 4096) = 4096
read(4, "                                "..., 4096) = 4096
read(4, "                                "..., 4096) = 4096
read(4, "              NONE              "..., 4096) = 4096
read(4, "   quantum efficiency uniformity"..., 4096) = 4096
read(4, "-01-01qeuN0014.fits            Q"..., 4096) = 4096
read(4, "         NONE                   "..., 4096) = 4096
read(4, "                                "..., 4096) = 4096
read(4, "                          2009-0"..., 4096) = 4096
read(4, "    CHIP_ID(2)                  "..., 4096) = 4096
read(4, "                                "..., 4096) = 4096
read(4, "                                "..., 4096) = 4096
read(4, "\0\0\0\0\0                  \0\0\0\0\0\0\0\0\0"..., 4096) = 4096
read(4, "                           NONE "..., 4096) = 4096
read(4, "                                "..., 4096) = 4096
read(4, "             NONE               "..., 4096) = 4096
read(4, "  HRC       ONLINE              "..., 4096) = 4096
read(4, "                                "..., 4096) = 4096
read(4, "        NONE                    "..., 4096) = 4096
read(4, "                                "..., 4096) = 4096
read(4, "c/rmf                           "..., 4096) = 4096
read(4, "   NONE                         "..., 4096) = 4096
read(4, "                               N"..., 4096) = 4096
read(4, "-08HRC-S     LETG   LETGS spectr"..., 4096) = 3712
lseek(4, 8192, SEEK_SET)                = 8192
read(4, "                                "..., 4096) = 4096
read(4, "                                "..., 4096) = 4096
read(4, "grnd                            "..., 4096) = 4096
read(4, "ONE                             "..., 4096) = 4096
read(4, "                           NONE "..., 4096) = 4096
read(4, "RC-I     NONE   HRC-I stowed bac"..., 4096) = 4096
read(4, "    hrciD2017-01-01bkgrndN0001.f"..., 4096) = 4096
read(4, "                      NONE      "..., 4096) = 4096
read(4, "                                "..., 4096) = 4096
read(4, "                                "..., 4096) = 4096
read(4, "LOOKUP           AXIS(U)        "..., 4096) = 4096
read(4, "                                "..., 4096) = 4096
read(4, "   NONE                         "..., 4096) = 4096
read(4, "1212:00:00@\351VP\0\0\0\0002002-01-2612:0"..., 4096) = 4096
read(4, "                                "..., 4096) = 4096
read(4, "NE                              "..., 4096) = 4096
read(4, "                          NONE  "..., 4096) = 4096
read(4, "\0\0\0\0\0CHANDRA   HRC       ONLINE "..., 4096) = 4096
read(4, "                                "..., 4096) = 4096
read(4, "                     NONE       "..., 4096) = 4096
read(4, "                                "..., 4096) = 4096
read(4, "ta/chandra/hrc/gti_lim          "..., 4096) = 4096
read(4, "                NONE            "..., 4096) = 4096
read(4, "                                "..., 4096) = 4096
read(4, "  \0\1\0\0002020-12-08HRC-I     NONE  "..., 4096) = 4096
read(4, "                     hrciD2012-0"..., 4096) = 4096
read(4, "                                "..., 4096) = 4096
read(4, "E                               "..., 4096) = 4096
read(4, "fficiency                       "..., 4096) = 4096
read(4, "s             QE                "..., 4096) = 4096
read(4, "                                "..., 4096) = 4096
read(4, "                    NONE        "..., 4096) = 4096
read(4, "         2015-08-0900:00:00@\353\363`\0"..., 4096) = 4096
read(4, "                                "..., 4096) = 4096
read(4, "               NONE             "..., 4096) = 4096
read(4, "                                "..., 4096) = 4096
read(4, "      \0\0\0\0\0\0\0\0\0\0\0\0\0\0\0\0CHANDRA   "..., 4096) = 4096
read(4, "          NONE                  "..., 4096) = 4096
read(4, "                                "..., 4096) = 4096
read(4, "                                "..., 4096) = 4096
read(4, "E              data/chandra/hrc/"..., 4096) = 4096
read(4, "                                "..., 4096) = 4096
read(4, "                                "..., 4096) = 4096
read(4, "                   \0\2\0\0002020-12-0"..., 4096) = 4096
read(4, "                                "..., 4096) = 4096
read(4, "                                "..., 4096) = 4096
read(4, "              NONE              "..., 4096) = 4096
read(4, "   quantum efficiency uniformity"..., 4096) = 4096
read(4, "-01-01qeuN0014.fits            Q"..., 4096) = 4096
read(4, "         NONE                   "..., 4096) = 4096
read(4, "                                "..., 4096) = 4096
read(4, "                          2009-0"..., 4096) = 4096
read(4, "    CHIP_ID(2)                  "..., 4096) = 4096
read(4, "                                "..., 4096) = 4096
read(4, "                                "..., 4096) = 4096
read(4, "\0\0\0\0\0                  \0\0\0\0\0\0\0\0\0"..., 4096) = 4096
read(4, "                           NONE "..., 4096) = 4096
read(4, "                                "..., 4096) = 4096
read(4, "             NONE               "..., 4096) = 4096
read(4, "  HRC       ONLINE              "..., 4096) = 4096
read(4, "                                "..., 4096) = 4096
read(4, "        NONE                    "..., 4096) = 4096
read(4, "                                "..., 4096) = 4096
read(4, "c/rmf                           "..., 4096) = 4096
read(4, "   NONE                         "..., 4096) = 4096
read(4, "                               N"..., 4096) = 4096
read(4, "-08HRC-S     LETG   LETGS spectr"..., 4096) = 3712
lseek(4, 8192, SEEK_SET)                = 8192
read(4, "                                "..., 4096) = 4096
read(4, "                                "..., 4096) = 4096
read(4, "grnd                            "..., 4096) = 4096
read(4, "ONE                             "..., 4096) = 4096
read(4, "                           NONE "..., 4096) = 4096
read(4, "RC-I     NONE   HRC-I stowed bac"..., 4096) = 4096
read(4, "    hrciD2017-01-01bkgrndN0001.f"..., 4096) = 4096
read(4, "                      NONE      "..., 4096) = 4096
read(4, "                                "..., 4096) = 4096
read(4, "                                "..., 4096) = 4096
read(4, "LOOKUP           AXIS(U)        "..., 4096) = 4096
read(4, "                                "..., 4096) = 4096
read(4, "   NONE                         "..., 4096) = 4096
read(4, "1212:00:00@\351VP\0\0\0\0002002-01-2612:0"..., 4096) = 4096
read(4, "                                "..., 4096) = 4096
read(4, "NE                              "..., 4096) = 4096
read(4, "                          NONE  "..., 4096) = 4096
read(4, "\0\0\0\0\0CHANDRA   HRC       ONLINE "..., 4096) = 4096
read(4, "                                "..., 4096) = 4096
read(4, "                     NONE       "..., 4096) = 4096
read(4, "                                "..., 4096) = 4096
read(4, "ta/chandra/hrc/gti_lim          "..., 4096) = 4096
read(4, "                NONE            "..., 4096) = 4096
read(4, "                                "..., 4096) = 4096
read(4, "  \0\1\0\0002020-12-08HRC-I     NONE  "..., 4096) = 4096
read(4, "                     hrciD2012-0"..., 4096) = 4096
read(4, "                                "..., 4096) = 4096
read(4, "E                               "..., 4096) = 4096
read(4, "fficiency                       "..., 4096) = 4096
read(4, "s             QE                "..., 4096) = 4096
read(4, "                                "..., 4096) = 4096
read(4, "                    NONE        "..., 4096) = 4096
read(4, "         2015-08-0900:00:00@\353\363`\0"..., 4096) = 4096
read(4, "                                "..., 4096) = 4096
read(4, "               NONE             "..., 4096) = 4096
read(4, "                                "..., 4096) = 4096
read(4, "      \0\0\0\0\0\0\0\0\0\0\0\0\0\0\0\0CHANDRA   "..., 4096) = 4096
read(4, "          NONE                  "..., 4096) = 4096
read(4, "                                "..., 4096) = 4096
read(4, "                                "..., 4096) = 4096
read(4, "E              data/chandra/hrc/"..., 4096) = 4096
read(4, "                                "..., 4096) = 4096
read(4, "                                "..., 4096) = 4096
read(4, "                   \0\2\0\0002020-12-0"..., 4096) = 4096
read(4, "                                "..., 4096) = 4096
read(4, "                                "..., 4096) = 4096
read(4, "              NONE              "..., 4096) = 4096
read(4, "   quantum efficiency uniformity"..., 4096) = 4096
read(4, "-01-01qeuN0014.fits            Q"..., 4096) = 4096
read(4, "         NONE                   "..., 4096) = 4096
read(4, "                                "..., 4096) = 4096
read(4, "                          2009-0"..., 4096) = 4096
read(4, "    CHIP_ID(2)                  "..., 4096) = 4096
read(4, "                                "..., 4096) = 4096
read(4, "                                "..., 4096) = 4096
read(4, "\0\0\0\0\0                  \0\0\0\0\0\0\0\0\0"..., 4096) = 4096
read(4, "                           NONE "..., 4096) = 4096
read(4, "                                "..., 4096) = 4096
read(4, "             NONE               "..., 4096) = 4096
read(4, "  HRC       ONLINE              "..., 4096) = 4096
read(4, "                                "..., 4096) = 4096
read(4, "        NONE                    "..., 4096) = 4096
read(4, "                                "..., 4096) = 4096
read(4, "c/rmf                           "..., 4096) = 4096
read(4, "   NONE                         "..., 4096) = 4096
read(4, "                               N"..., 4096) = 4096
read(4, "-08HRC-S     LETG   LETGS spectr"..., 4096) = 3712
lseek(4, 8192, SEEK_SET)                = 8192
read(4, "                                "..., 4096) = 4096
read(4, "                                "..., 4096) = 4096
read(4, "grnd                            "..., 4096) = 4096
read(4, "ONE                             "..., 4096) = 4096
read(4, "                           NONE "..., 4096) = 4096
read(4, "RC-I     NONE   HRC-I stowed bac"..., 4096) = 4096
read(4, "    hrciD2017-01-01bkgrndN0001.f"..., 4096) = 4096
read(4, "                      NONE      "..., 4096) = 4096
read(4, "                                "..., 4096) = 4096
read(4, "                                "..., 4096) = 4096
read(4, "LOOKUP           AXIS(U)        "..., 4096) = 4096
read(4, "                                "..., 4096) = 4096
read(4, "   NONE                         "..., 4096) = 4096
read(4, "1212:00:00@\351VP\0\0\0\0002002-01-2612:0"..., 4096) = 4096
read(4, "                                "..., 4096) = 4096
read(4, "NE                              "..., 4096) = 4096
read(4, "                          NONE  "..., 4096) = 4096
read(4, "\0\0\0\0\0CHANDRA   HRC       ONLINE "..., 4096) = 4096
read(4, "                                "..., 4096) = 4096
read(4, "                     NONE       "..., 4096) = 4096
read(4, "                                "..., 4096) = 4096
read(4, "ta/chandra/hrc/gti_lim          "..., 4096) = 4096
read(4, "                NONE            "..., 4096) = 4096
read(4, "                                "..., 4096) = 4096
read(4, "  \0\1\0\0002020-12-08HRC-I     NONE  "..., 4096) = 4096
read(4, "                     hrciD2012-0"..., 4096) = 4096
read(4, "                                "..., 4096) = 4096
read(4, "E                               "..., 4096) = 4096
read(4, "fficiency                       "..., 4096) = 4096
read(4, "s             QE                "..., 4096) = 4096
read(4, "                                "..., 4096) = 4096
read(4, "                    NONE        "..., 4096) = 4096
read(4, "         2015-08-0900:00:00@\353\363`\0"..., 4096) = 4096
read(4, "                                "..., 4096) = 4096
read(4, "               NONE             "..., 4096) = 4096
read(4, "                                "..., 4096) = 4096
read(4, "      \0\0\0\0\0\0\0\0\0\0\0\0\0\0\0\0CHANDRA   "..., 4096) = 4096
read(4, "          NONE                  "..., 4096) = 4096
read(4, "                                "..., 4096) = 4096
read(4, "                                "..., 4096) = 4096
read(4, "E              data/chandra/hrc/"..., 4096) = 4096
read(4, "                                "..., 4096) = 4096
read(4, "                                "..., 4096) = 4096
read(4, "                   \0\2\0\0002020-12-0"..., 4096) = 4096
read(4, "                                "..., 4096) = 4096
read(4, "                                "..., 4096) = 4096
read(4, "              NONE              "..., 4096) = 4096
read(4, "   quantum efficiency uniformity"..., 4096) = 4096
read(4, "-01-01qeuN0014.fits            Q"..., 4096) = 4096
read(4, "         NONE                   "..., 4096) = 4096
read(4, "                                "..., 4096) = 4096
read(4, "                          2009-0"..., 4096) = 4096
read(4, "    CHIP_ID(2)                  "..., 4096) = 4096
read(4, "                                "..., 4096) = 4096
read(4, "                                "..., 4096) = 4096
read(4, "\0\0\0\0\0                  \0\0\0\0\0\0\0\0\0"..., 4096) = 4096
read(4, "                           NONE "..., 4096) = 4096
read(4, "                                "..., 4096) = 4096
read(4, "             NONE               "..., 4096) = 4096
read(4, "  HRC       ONLINE              "..., 4096) = 4096
read(4, "                                "..., 4096) = 4096
read(4, "        NONE                    "..., 4096) = 4096
read(4, "                                "..., 4096) = 4096
read(4, "c/rmf                           "..., 4096) = 4096
read(4, "   NONE                         "..., 4096) = 4096
read(4, "                               N"..., 4096) = 4096
read(4, "-08HRC-S     LETG   LETGS spectr"..., 4096) = 3712
lseek(4, 8192, SEEK_SET)                = 8192
read(4, "                                "..., 4096) = 4096
read(4, "                                "..., 4096) = 4096
read(4, "grnd                            "..., 4096) = 4096
read(4, "ONE                             "..., 4096) = 4096
read(4, "                           NONE "..., 4096) = 4096
read(4, "RC-I     NONE   HRC-I stowed bac"..., 4096) = 4096
read(4, "    hrciD2017-01-01bkgrndN0001.f"..., 4096) = 4096
read(4, "                      NONE      "..., 4096) = 4096
read(4, "                                "..., 4096) = 4096
read(4, "                                "..., 4096) = 4096
read(4, "LOOKUP           AXIS(U)        "..., 4096) = 4096
read(4, "                                "..., 4096) = 4096
read(4, "   NONE                         "..., 4096) = 4096
read(4, "1212:00:00@\351VP\0\0\0\0002002-01-2612:0"..., 4096) = 4096
read(4, "                                "..., 4096) = 4096
read(4, "NE                              "..., 4096) = 4096
read(4, "                          NONE  "..., 4096) = 4096
read(4, "\0\0\0\0\0CHANDRA   HRC       ONLINE "..., 4096) = 4096
read(4, "                                "..., 4096) = 4096
read(4, "                     NONE       "..., 4096) = 4096
read(4, "                                "..., 4096) = 4096
read(4, "ta/chandra/hrc/gti_lim          "..., 4096) = 4096
read(4, "                NONE            "..., 4096) = 4096
read(4, "                                "..., 4096) = 4096
read(4, "  \0\1\0\0002020-12-08HRC-I     NONE  "..., 4096) = 4096
read(4, "                     hrciD2012-0"..., 4096) = 4096
read(4, "                                "..., 4096) = 4096
read(4, "E                               "..., 4096) = 4096
read(4, "fficiency                       "..., 4096) = 4096
read(4, "s             QE                "..., 4096) = 4096
read(4, "                                "..., 4096) = 4096
read(4, "                    NONE        "..., 4096) = 4096
read(4, "         2015-08-0900:00:00@\353\363`\0"..., 4096) = 4096
read(4, "                                "..., 4096) = 4096
read(4, "               NONE             "..., 4096) = 4096
read(4, "                                "..., 4096) = 4096
read(4, "      \0\0\0\0\0\0\0\0\0\0\0\0\0\0\0\0CHANDRA   "..., 4096) = 4096
read(4, "          NONE                  "..., 4096) = 4096
read(4, "                                "..., 4096) = 4096
read(4, "                                "..., 4096) = 4096
read(4, "E              data/chandra/hrc/"..., 4096) = 4096
read(4, "                                "..., 4096) = 4096
read(4, "                                "..., 4096) = 4096
read(4, "                   \0\2\0\0002020-12-0"..., 4096) = 4096
read(4, "                                "..., 4096) = 4096
read(4, "                                "..., 4096) = 4096
read(4, "              NONE              "..., 4096) = 4096
read(4, "   quantum efficiency uniformity"..., 4096) = 4096
read(4, "-01-01qeuN0014.fits            Q"..., 4096) = 4096
read(4, "         NONE                   "..., 4096) = 4096
read(4, "                                "..., 4096) = 4096
read(4, "                          2009-0"..., 4096) = 4096
read(4, "    CHIP_ID(2)                  "..., 4096) = 4096
read(4, "                                "..., 4096) = 4096
read(4, "                                "..., 4096) = 4096
read(4, "\0\0\0\0\0                  \0\0\0\0\0\0\0\0\0"..., 4096) = 4096
read(4, "                           NONE "..., 4096) = 4096
read(4, "                                "..., 4096) = 4096
read(4, "             NONE               "..., 4096) = 4096
read(4, "  HRC       ONLINE              "..., 4096) = 4096
read(4, "                                "..., 4096) = 4096
read(4, "        NONE                    "..., 4096) = 4096
read(4, "                                "..., 4096) = 4096
read(4, "c/rmf                           "..., 4096) = 4096
read(4, "   NONE                         "..., 4096) = 4096
read(4, "                               N"..., 4096) = 4096
read(4, "-08HRC-S     LETG   LETGS spectr"..., 4096) = 3712
lseek(4, 8192, SEEK_SET)                = 8192
read(4, "                                "..., 4096) = 4096
read(4, "                                "..., 4096) = 4096
read(4, "grnd                            "..., 4096) = 4096
read(4, "ONE                             "..., 4096) = 4096
read(4, "                           NONE "..., 4096) = 4096
read(4, "RC-I     NONE   HRC-I stowed bac"..., 4096) = 4096
read(4, "    hrciD2017-01-01bkgrndN0001.f"..., 4096) = 4096
read(4, "                      NONE      "..., 4096) = 4096
read(4, "                                "..., 4096) = 4096
read(4, "                                "..., 4096) = 4096
read(4, "LOOKUP           AXIS(U)        "..., 4096) = 4096
read(4, "                                "..., 4096) = 4096
read(4, "   NONE                         "..., 4096) = 4096
read(4, "1212:00:00@\351VP\0\0\0\0002002-01-2612:0"..., 4096) = 4096
read(4, "                                "..., 4096) = 4096
read(4, "NE                              "..., 4096) = 4096
read(4, "                          NONE  "..., 4096) = 4096
read(4, "\0\0\0\0\0CHANDRA   HRC       ONLINE "..., 4096) = 4096
read(4, "                                "..., 4096) = 4096
read(4, "                     NONE       "..., 4096) = 4096
read(4, "                                "..., 4096) = 4096
read(4, "ta/chandra/hrc/gti_lim          "..., 4096) = 4096
read(4, "                NONE            "..., 4096) = 4096
read(4, "                                "..., 4096) = 4096
read(4, "  \0\1\0\0002020-12-08HRC-I     NONE  "..., 4096) = 4096
read(4, "                     hrciD2012-0"..., 4096) = 4096
read(4, "                                "..., 4096) = 4096
read(4, "E                               "..., 4096) = 4096
read(4, "fficiency                       "..., 4096) = 4096
read(4, "s             QE                "..., 4096) = 4096
read(4, "                                "..., 4096) = 4096
read(4, "                    NONE        "..., 4096) = 4096
read(4, "         2015-08-0900:00:00@\353\363`\0"..., 4096) = 4096
read(4, "                                "..., 4096) = 4096
read(4, "               NONE             "..., 4096) = 4096
read(4, "                                "..., 4096) = 4096
read(4, "      \0\0\0\0\0\0\0\0\0\0\0\0\0\0\0\0CHANDRA   "..., 4096) = 4096
read(4, "          NONE                  "..., 4096) = 4096
read(4, "                                "..., 4096) = 4096
read(4, "                                "..., 4096) = 4096
read(4, "E              data/chandra/hrc/"..., 4096) = 4096
read(4, "                                "..., 4096) = 4096
read(4, "                                "..., 4096) = 4096
read(4, "                   \0\2\0\0002020-12-0"..., 4096) = 4096
read(4, "                                "..., 4096) = 4096
read(4, "                                "..., 4096) = 4096
read(4, "              NONE              "..., 4096) = 4096
read(4, "   quantum efficiency uniformity"..., 4096) = 4096
read(4, "-01-01qeuN0014.fits            Q"..., 4096) = 4096
read(4, "         NONE                   "..., 4096) = 4096
read(4, "                                "..., 4096) = 4096
read(4, "                          2009-0"..., 4096) = 4096
read(4, "    CHIP_ID(2)                  "..., 4096) = 4096
read(4, "                                "..., 4096) = 4096
read(4, "                                "..., 4096) = 4096
read(4, "\0\0\0\0\0                  \0\0\0\0\0\0\0\0\0"..., 4096) = 4096
read(4, "                           NONE "..., 4096) = 4096
read(4, "                                "..., 4096) = 4096
read(4, "             NONE               "..., 4096) = 4096
read(4, "  HRC       ONLINE              "..., 4096) = 4096
read(4, "                                "..., 4096) = 4096
read(4, "        NONE                    "..., 4096) = 4096
read(4, "                                "..., 4096) = 4096
read(4, "c/rmf                           "..., 4096) = 4096
read(4, "   NONE                         "..., 4096) = 4096
read(4, "                               N"..., 4096) = 4096
read(4, "-08HRC-S     LETG   LETGS spectr"..., 4096) = 3712
lseek(4, 8192, SEEK_SET)                = 8192
read(4, "                                "..., 4096) = 4096
read(4, "                                "..., 4096) = 4096
lseek(4, 0, SEEK_SET)                   = 0
read(4, "SIMPLE  =                    T /"..., 4096) = 4096
read(4, "   '           / data format of "..., 4096) = 4096
read(4, "                                "..., 4096) = 4096
lseek(4, 12288, SEEK_SET)               = 12288
read(4, "                                "..., 4096) = 4096
read(4, "grnd                            "..., 4096) = 4096
read(4, "ONE                             "..., 4096) = 4096
read(4, "                           NONE "..., 4096) = 4096
read(4, "RC-I     NONE   HRC-I stowed bac"..., 4096) = 4096
read(4, "    hrciD2017-01-01bkgrndN0001.f"..., 4096) = 4096
read(4, "                      NONE      "..., 4096) = 4096
read(4, "                                "..., 4096) = 4096
read(4, "                                "..., 4096) = 4096
read(4, "LOOKUP           AXIS(U)        "..., 4096) = 4096
read(4, "                                "..., 4096) = 4096
read(4, "   NONE                         "..., 4096) = 4096
read(4, "1212:00:00@\351VP\0\0\0\0002002-01-2612:0"..., 4096) = 4096
read(4, "                                "..., 4096) = 4096
read(4, "NE                              "..., 4096) = 4096
read(4, "                          NONE  "..., 4096) = 4096
read(4, "\0\0\0\0\0CHANDRA   HRC       ONLINE "..., 4096) = 4096
read(4, "                                "..., 4096) = 4096
read(4, "                     NONE       "..., 4096) = 4096
read(4, "                                "..., 4096) = 4096
read(4, "ta/chandra/hrc/gti_lim          "..., 4096) = 4096
read(4, "                NONE            "..., 4096) = 4096
read(4, "                                "..., 4096) = 4096
read(4, "  \0\1\0\0002020-12-08HRC-I     NONE  "..., 4096) = 4096
read(4, "                     hrciD2012-0"..., 4096) = 4096
read(4, "                                "..., 4096) = 4096
read(4, "E                               "..., 4096) = 4096
read(4, "fficiency                       "..., 4096) = 4096
read(4, "s             QE                "..., 4096) = 4096
read(4, "                                "..., 4096) = 4096
read(4, "                    NONE        "..., 4096) = 4096
read(4, "         2015-08-0900:00:00@\353\363`\0"..., 4096) = 4096
read(4, "                                "..., 4096) = 4096
read(4, "               NONE             "..., 4096) = 4096
read(4, "                                "..., 4096) = 4096
read(4, "      \0\0\0\0\0\0\0\0\0\0\0\0\0\0\0\0CHANDRA   "..., 4096) = 4096
read(4, "          NONE                  "..., 4096) = 4096
read(4, "                                "..., 4096) = 4096
read(4, "                                "..., 4096) = 4096
read(4, "E              data/chandra/hrc/"..., 4096) = 4096
read(4, "                                "..., 4096) = 4096
read(4, "                                "..., 4096) = 4096
read(4, "                   \0\2\0\0002020-12-0"..., 4096) = 4096
read(4, "                                "..., 4096) = 4096
read(4, "                                "..., 4096) = 4096
read(4, "              NONE              "..., 4096) = 4096
read(4, "   quantum efficiency uniformity"..., 4096) = 4096
read(4, "-01-01qeuN0014.fits            Q"..., 4096) = 4096
read(4, "         NONE                   "..., 4096) = 4096
read(4, "                                "..., 4096) = 4096
read(4, "                          2009-0"..., 4096) = 4096
read(4, "    CHIP_ID(2)                  "..., 4096) = 4096
read(4, "                                "..., 4096) = 4096
read(4, "                                "..., 4096) = 4096
read(4, "\0\0\0\0\0                  \0\0\0\0\0\0\0\0\0"..., 4096) = 4096
read(4, "                           NONE "..., 4096) = 4096
read(4, "                                "..., 4096) = 4096
read(4, "             NONE               "..., 4096) = 4096
read(4, "  HRC       ONLINE              "..., 4096) = 4096
read(4, "                                "..., 4096) = 4096
read(4, "        NONE                    "..., 4096) = 4096
read(4, "                                "..., 4096) = 4096
read(4, "c/rmf                           "..., 4096) = 4096
read(4, "   NONE                         "..., 4096) = 4096
read(4, "                               N"..., 4096) = 4096
read(4, "-08HRC-S     LETG   LETGS spectr"..., 4096) = 3712
brk(0x563639a04000)                     = 0x563639a04000
brk(0x563639a26000)                     = 0x563639a26000
lseek(4, 8192, SEEK_SET)                = 8192
read(4, "                                "..., 4096) = 4096
read(4, "                                "..., 4096) = 4096
read(4, "grnd                            "..., 4096) = 4096
read(4, "ONE                             "..., 4096) = 4096
read(4, "                           NONE "..., 4096) = 4096
read(4, "RC-I     NONE   HRC-I stowed bac"..., 4096) = 4096
read(4, "    hrciD2017-01-01bkgrndN0001.f"..., 4096) = 4096
read(4, "                      NONE      "..., 4096) = 4096
read(4, "                                "..., 4096) = 4096
read(4, "                                "..., 4096) = 4096
read(4, "LOOKUP           AXIS(U)        "..., 4096) = 4096
read(4, "                                "..., 4096) = 4096
read(4, "   NONE                         "..., 4096) = 4096
read(4, "1212:00:00@\351VP\0\0\0\0002002-01-2612:0"..., 4096) = 4096
read(4, "                                "..., 4096) = 4096
read(4, "NE                              "..., 4096) = 4096
read(4, "                          NONE  "..., 4096) = 4096
read(4, "\0\0\0\0\0CHANDRA   HRC       ONLINE "..., 4096) = 4096
read(4, "                                "..., 4096) = 4096
read(4, "                     NONE       "..., 4096) = 4096
read(4, "                                "..., 4096) = 4096
read(4, "ta/chandra/hrc/gti_lim          "..., 4096) = 4096
read(4, "                NONE            "..., 4096) = 4096
read(4, "                                "..., 4096) = 4096
read(4, "  \0\1\0\0002020-12-08HRC-I     NONE  "..., 4096) = 4096
read(4, "                     hrciD2012-0"..., 4096) = 4096
read(4, "                                "..., 4096) = 4096
read(4, "E                               "..., 4096) = 4096
read(4, "fficiency                       "..., 4096) = 4096
read(4, "s             QE                "..., 4096) = 4096
read(4, "                                "..., 4096) = 4096
read(4, "                    NONE        "..., 4096) = 4096
read(4, "         2015-08-0900:00:00@\353\363`\0"..., 4096) = 4096
read(4, "                                "..., 4096) = 4096
read(4, "               NONE             "..., 4096) = 4096
read(4, "                                "..., 4096) = 4096
read(4, "      \0\0\0\0\0\0\0\0\0\0\0\0\0\0\0\0CHANDRA   "..., 4096) = 4096
read(4, "          NONE                  "..., 4096) = 4096
read(4, "                                "..., 4096) = 4096
read(4, "                                "..., 4096) = 4096
read(4, "E              data/chandra/hrc/"..., 4096) = 4096
read(4, "                                "..., 4096) = 4096
read(4, "                                "..., 4096) = 4096
read(4, "                   \0\2\0\0002020-12-0"..., 4096) = 4096
read(4, "                                "..., 4096) = 4096
read(4, "                                "..., 4096) = 4096
read(4, "              NONE              "..., 4096) = 4096
read(4, "   quantum efficiency uniformity"..., 4096) = 4096
read(4, "-01-01qeuN0014.fits            Q"..., 4096) = 4096
read(4, "         NONE                   "..., 4096) = 4096
read(4, "                                "..., 4096) = 4096
read(4, "                          2009-0"..., 4096) = 4096
read(4, "    CHIP_ID(2)                  "..., 4096) = 4096
read(4, "                                "..., 4096) = 4096
read(4, "                                "..., 4096) = 4096
read(4, "\0\0\0\0\0                  \0\0\0\0\0\0\0\0\0"..., 4096) = 4096
read(4, "                           NONE "..., 4096) = 4096
read(4, "                                "..., 4096) = 4096
read(4, "             NONE               "..., 4096) = 4096
read(4, "  HRC       ONLINE              "..., 4096) = 4096
read(4, "                                "..., 4096) = 4096
read(4, "        NONE                    "..., 4096) = 4096
read(4, "                                "..., 4096) = 4096
read(4, "c/rmf                           "..., 4096) = 4096
read(4, "   NONE                         "..., 4096) = 4096
read(4, "                               N"..., 4096) = 4096
read(4, "-08HRC-S     LETG   LETGS spectr"..., 4096) = 3712
lseek(4, 8192, SEEK_SET)                = 8192
read(4, "                                "..., 4096) = 4096
read(4, "                                "..., 4096) = 4096
read(4, "grnd                            "..., 4096) = 4096
read(4, "ONE                             "..., 4096) = 4096
read(4, "                           NONE "..., 4096) = 4096
read(4, "RC-I     NONE   HRC-I stowed bac"..., 4096) = 4096
read(4, "    hrciD2017-01-01bkgrndN0001.f"..., 4096) = 4096
read(4, "                      NONE      "..., 4096) = 4096
read(4, "                                "..., 4096) = 4096
read(4, "                                "..., 4096) = 4096
read(4, "LOOKUP           AXIS(U)        "..., 4096) = 4096
read(4, "                                "..., 4096) = 4096
read(4, "   NONE                         "..., 4096) = 4096
read(4, "1212:00:00@\351VP\0\0\0\0002002-01-2612:0"..., 4096) = 4096
read(4, "                                "..., 4096) = 4096
read(4, "NE                              "..., 4096) = 4096
read(4, "                          NONE  "..., 4096) = 4096
read(4, "\0\0\0\0\0CHANDRA   HRC       ONLINE "..., 4096) = 4096
read(4, "                                "..., 4096) = 4096
read(4, "                     NONE       "..., 4096) = 4096
read(4, "                                "..., 4096) = 4096
read(4, "ta/chandra/hrc/gti_lim          "..., 4096) = 4096
read(4, "                NONE            "..., 4096) = 4096
read(4, "                                "..., 4096) = 4096
read(4, "  \0\1\0\0002020-12-08HRC-I     NONE  "..., 4096) = 4096
read(4, "                     hrciD2012-0"..., 4096) = 4096
read(4, "                                "..., 4096) = 4096
read(4, "E                               "..., 4096) = 4096
read(4, "fficiency                       "..., 4096) = 4096
read(4, "s             QE                "..., 4096) = 4096
read(4, "                                "..., 4096) = 4096
read(4, "                    NONE        "..., 4096) = 4096
read(4, "         2015-08-0900:00:00@\353\363`\0"..., 4096) = 4096
read(4, "                                "..., 4096) = 4096
read(4, "               NONE             "..., 4096) = 4096
read(4, "                                "..., 4096) = 4096
read(4, "      \0\0\0\0\0\0\0\0\0\0\0\0\0\0\0\0CHANDRA   "..., 4096) = 4096
read(4, "          NONE                  "..., 4096) = 4096
read(4, "                                "..., 4096) = 4096
read(4, "                                "..., 4096) = 4096
read(4, "E              data/chandra/hrc/"..., 4096) = 4096
read(4, "                                "..., 4096) = 4096
read(4, "                                "..., 4096) = 4096
read(4, "                   \0\2\0\0002020-12-0"..., 4096) = 4096
read(4, "                                "..., 4096) = 4096
read(4, "                                "..., 4096) = 4096
read(4, "              NONE              "..., 4096) = 4096
read(4, "   quantum efficiency uniformity"..., 4096) = 4096
read(4, "-01-01qeuN0014.fits            Q"..., 4096) = 4096
read(4, "         NONE                   "..., 4096) = 4096
read(4, "                                "..., 4096) = 4096
read(4, "                          2009-0"..., 4096) = 4096
read(4, "    CHIP_ID(2)                  "..., 4096) = 4096
read(4, "                                "..., 4096) = 4096
read(4, "                                "..., 4096) = 4096
read(4, "\0\0\0\0\0                  \0\0\0\0\0\0\0\0\0"..., 4096) = 4096
read(4, "                           NONE "..., 4096) = 4096
read(4, "                                "..., 4096) = 4096
read(4, "             NONE               "..., 4096) = 4096
read(4, "  HRC       ONLINE              "..., 4096) = 4096
read(4, "                                "..., 4096) = 4096
read(4, "        NONE                    "..., 4096) = 4096
read(4, "                                "..., 4096) = 4096
read(4, "c/rmf                           "..., 4096) = 4096
read(4, "   NONE                         "..., 4096) = 4096
read(4, "                               N"..., 4096) = 4096
read(4, "-08HRC-S     LETG   LETGS spectr"..., 4096) = 3712
lseek(4, 8192, SEEK_SET)                = 8192
read(4, "                                "..., 4096) = 4096
read(4, "                                "..., 4096) = 4096
lseek(4, 4096, SEEK_SET)                = 4096
read(4, "   '           / data format of "..., 4096) = 4096
read(4, "                                "..., 4096) = 4096
lseek(4, 0, SEEK_SET)                   = 0
read(4, "SIMPLE  =                    T /"..., 4096) = 4096
read(4, "   '           / data format of "..., 4096) = 4096
lseek(4, 12288, SEEK_SET)               = 12288
read(4, "                                "..., 4096) = 4096
read(4, "grnd                            "..., 4096) = 4096
read(4, "ONE                             "..., 4096) = 4096
read(4, "                           NONE "..., 4096) = 4096
read(4, "RC-I     NONE   HRC-I stowed bac"..., 4096) = 4096
read(4, "    hrciD2017-01-01bkgrndN0001.f"..., 4096) = 4096
read(4, "                      NONE      "..., 4096) = 4096
read(4, "                                "..., 4096) = 4096
read(4, "                                "..., 4096) = 4096
read(4, "LOOKUP           AXIS(U)        "..., 4096) = 4096
read(4, "                                "..., 4096) = 4096
read(4, "   NONE                         "..., 4096) = 4096
read(4, "1212:00:00@\351VP\0\0\0\0002002-01-2612:0"..., 4096) = 4096
read(4, "                                "..., 4096) = 4096
read(4, "NE                              "..., 4096) = 4096
read(4, "                          NONE  "..., 4096) = 4096
read(4, "\0\0\0\0\0CHANDRA   HRC       ONLINE "..., 4096) = 4096
read(4, "                                "..., 4096) = 4096
read(4, "                     NONE       "..., 4096) = 4096
read(4, "                                "..., 4096) = 4096
read(4, "ta/chandra/hrc/gti_lim          "..., 4096) = 4096
read(4, "                NONE            "..., 4096) = 4096
read(4, "                                "..., 4096) = 4096
read(4, "  \0\1\0\0002020-12-08HRC-I     NONE  "..., 4096) = 4096
read(4, "                     hrciD2012-0"..., 4096) = 4096
read(4, "                                "..., 4096) = 4096
read(4, "E                               "..., 4096) = 4096
read(4, "fficiency                       "..., 4096) = 4096
read(4, "s             QE                "..., 4096) = 4096
read(4, "                                "..., 4096) = 4096
read(4, "                    NONE        "..., 4096) = 4096
read(4, "         2015-08-0900:00:00@\353\363`\0"..., 4096) = 4096
read(4, "                                "..., 4096) = 4096
read(4, "               NONE             "..., 4096) = 4096
read(4, "                                "..., 4096) = 4096
read(4, "      \0\0\0\0\0\0\0\0\0\0\0\0\0\0\0\0CHANDRA   "..., 4096) = 4096
read(4, "          NONE                  "..., 4096) = 4096
read(4, "                                "..., 4096) = 4096
read(4, "                                "..., 4096) = 4096
read(4, "E              data/chandra/hrc/"..., 4096) = 4096
read(4, "                                "..., 4096) = 4096
read(4, "                                "..., 4096) = 4096
read(4, "                   \0\2\0\0002020-12-0"..., 4096) = 4096
read(4, "                                "..., 4096) = 4096
read(4, "                                "..., 4096) = 4096
read(4, "              NONE              "..., 4096) = 4096
read(4, "   quantum efficiency uniformity"..., 4096) = 4096
read(4, "-01-01qeuN0014.fits            Q"..., 4096) = 4096
read(4, "         NONE                   "..., 4096) = 4096
read(4, "                                "..., 4096) = 4096
read(4, "                          2009-0"..., 4096) = 4096
read(4, "    CHIP_ID(2)                  "..., 4096) = 4096
read(4, "                                "..., 4096) = 4096
read(4, "                                "..., 4096) = 4096
read(4, "\0\0\0\0\0                  \0\0\0\0\0\0\0\0\0"..., 4096) = 4096
read(4, "                           NONE "..., 4096) = 4096
read(4, "                                "..., 4096) = 4096
read(4, "             NONE               "..., 4096) = 4096
read(4, "  HRC       ONLINE              "..., 4096) = 4096
read(4, "                                "..., 4096) = 4096
read(4, "        NONE                    "..., 4096) = 4096
read(4, "                                "..., 4096) = 4096
read(4, "c/rmf                           "..., 4096) = 4096
read(4, "   NONE                         "..., 4096) = 4096
read(4, "                               N"..., 4096) = 4096
read(4, "-08HRC-S     LETG   LETGS spectr"..., 4096) = 3712
lseek(4, 8192, SEEK_SET)                = 8192
read(4, "                                "..., 4096) = 4096
read(4, "                                "..., 4096) = 4096
read(4, "grnd                            "..., 4096) = 4096
read(4, "ONE                             "..., 4096) = 4096
read(4, "                           NONE "..., 4096) = 4096
read(4, "RC-I     NONE   HRC-I stowed bac"..., 4096) = 4096
read(4, "    hrciD2017-01-01bkgrndN0001.f"..., 4096) = 4096
read(4, "                      NONE      "..., 4096) = 4096
read(4, "                                "..., 4096) = 4096
read(4, "                                "..., 4096) = 4096
read(4, "LOOKUP           AXIS(U)        "..., 4096) = 4096
read(4, "                                "..., 4096) = 4096
read(4, "   NONE                         "..., 4096) = 4096
read(4, "1212:00:00@\351VP\0\0\0\0002002-01-2612:0"..., 4096) = 4096
read(4, "                                "..., 4096) = 4096
read(4, "NE                              "..., 4096) = 4096
read(4, "                          NONE  "..., 4096) = 4096
read(4, "\0\0\0\0\0CHANDRA   HRC       ONLINE "..., 4096) = 4096
read(4, "                                "..., 4096) = 4096
read(4, "                     NONE       "..., 4096) = 4096
read(4, "                                "..., 4096) = 4096
read(4, "ta/chandra/hrc/gti_lim          "..., 4096) = 4096
read(4, "                NONE            "..., 4096) = 4096
read(4, "                                "..., 4096) = 4096
read(4, "  \0\1\0\0002020-12-08HRC-I     NONE  "..., 4096) = 4096
read(4, "                     hrciD2012-0"..., 4096) = 4096
read(4, "                                "..., 4096) = 4096
read(4, "E                               "..., 4096) = 4096
read(4, "fficiency                       "..., 4096) = 4096
read(4, "s             QE                "..., 4096) = 4096
read(4, "                                "..., 4096) = 4096
read(4, "                    NONE        "..., 4096) = 4096
read(4, "         2015-08-0900:00:00@\353\363`\0"..., 4096) = 4096
read(4, "                                "..., 4096) = 4096
read(4, "               NONE             "..., 4096) = 4096
read(4, "                                "..., 4096) = 4096
read(4, "      \0\0\0\0\0\0\0\0\0\0\0\0\0\0\0\0CHANDRA   "..., 4096) = 4096
read(4, "          NONE                  "..., 4096) = 4096
read(4, "                                "..., 4096) = 4096
read(4, "                                "..., 4096) = 4096
read(4, "E              data/chandra/hrc/"..., 4096) = 4096
read(4, "                                "..., 4096) = 4096
read(4, "                                "..., 4096) = 4096
read(4, "                   \0\2\0\0002020-12-0"..., 4096) = 4096
read(4, "                                "..., 4096) = 4096
read(4, "                                "..., 4096) = 4096
read(4, "              NONE              "..., 4096) = 4096
read(4, "   quantum efficiency uniformity"..., 4096) = 4096
read(4, "-01-01qeuN0014.fits            Q"..., 4096) = 4096
read(4, "         NONE                   "..., 4096) = 4096
read(4, "                                "..., 4096) = 4096
read(4, "                          2009-0"..., 4096) = 4096
read(4, "    CHIP_ID(2)                  "..., 4096) = 4096
read(4, "                                "..., 4096) = 4096
read(4, "                                "..., 4096) = 4096
read(4, "\0\0\0\0\0                  \0\0\0\0\0\0\0\0\0"..., 4096) = 4096
read(4, "                           NONE "..., 4096) = 4096
read(4, "                                "..., 4096) = 4096
read(4, "             NONE               "..., 4096) = 4096
read(4, "  HRC       ONLINE              "..., 4096) = 4096
read(4, "                                "..., 4096) = 4096
read(4, "        NONE                    "..., 4096) = 4096
read(4, "                                "..., 4096) = 4096
read(4, "c/rmf                           "..., 4096) = 4096
read(4, "   NONE                         "..., 4096) = 4096
read(4, "                               N"..., 4096) = 4096
read(4, "-08HRC-S     LETG   LETGS spectr"..., 4096) = 3712
close(4)                                = 0
openat(AT_FDCWD, "/usr/local/ciao-4.13/CALDB/data/chandra/hrc/key.config", O_RDONLY) = 4
read(4, "# Time-stamp: <2008-01-07 16:22:"..., 8191) = 951
read(4, "", 8191)                       = 0
close(4)                                = 0
brk(0x563639a4b000)                     = 0x563639a4b000
openat(AT_FDCWD, "../data/hz43/22749/tg_reprocess/hrcf22749N002_pha2.fits", O_RDONLY) = 4
fstat(4, {st_mode=S_IFREG|0664, st_size=2790720, ...}) = 0
read(4, "SIMPLE  =                    T /"..., 4096) = 4096
close(4)                                = 0
openat(AT_FDCWD, "../data/hz43/22749/tg_reprocess/hrcf22749N002_pha2.fits", O_RDONLY) = 4
lseek(4, 0, SEEK_CUR)                   = 0
fstat(4, {st_mode=S_IFREG|0664, st_size=2790720, ...}) = 0
fstat(4, {st_mode=S_IFREG|0664, st_size=2790720, ...}) = 0
lseek(4, 2789376, SEEK_SET)             = 2789376
read(4, ":\v2\317;\n\213\t\273\n\213\t\272\v2\317\272\v2\317:\v2\317\0\0\0\0\0\0\0\0"..., 1344) = 1344
lseek(4, 0, SEEK_SET)                   = 0
read(4, "SIMPLE  =                    T /"..., 4096) = 4096
read(4, "   '           / Source name    "..., 4096) = 4096
read(4, " [mm] SIM defocus               "..., 4096) = 4096
read(4, "                        ASC00025"..., 4096) = 4096
read(4, "                TLMIN4  =       "..., 4096) = 4096
read(4, "BACKSCAL=        1.0000000E+00 /"..., 4096) = 4096
lseek(4, 2772992, SEEK_SET)             = 2772992
read(4, "?\373wwwwwb?\373fffffQ?\373UUUUU@?\373DDDDD/"..., 4096) = 4096
read(4, "e                               "..., 4096) = 4096
read(4, "                RA_PNT  =  1.990"..., 4096) = 4096
read(4, "TTYPE10 = 'TG_M    '           /"..., 4096) = 4096
lseek(4, -1536, SEEK_CUR)               = 2787840
close(4)                                = 0
openat(AT_FDCWD, "/usr/local/ciao-4.13/CALDB/data/chandra/hrc/qeu/hrcsD2020-07-22qeuN0014.fits", O_RDONLY) = 4
fstat(4, {st_mode=S_IFREG|0444, st_size=47275200, ...}) = 0
read(4, "SIMPLE  =                    T /"..., 4096) = 4096
close(4)                                = 0
openat(AT_FDCWD, "/usr/local/ciao-4.13/CALDB/data/chandra/hrc/qeu/hrcsD2020-07-22qeuN0014.fits", O_RDONLY) = 4
lseek(4, 0, SEEK_CUR)                   = 0
fstat(4, {st_mode=S_IFREG|0444, st_size=47275200, ...}) = 0
fstat(4, {st_mode=S_IFREG|0444, st_size=47275200, ...}) = 0
lseek(4, 47271936, SEEK_SET)            = 47271936
read(4, "=\314\314\315=\314\314\315=\314\314\315=\314\314\315=\314\314\315=\314\314\315=\314\314\315=\314\314\315"..., 3264) = 3264
lseek(4, 0, SEEK_SET)                   = 0
read(4, "SIMPLE  =                    T /"..., 4096) = 4096
read(4, "                                "..., 4096) = 4096
read(4, "Label for column 11             "..., 4096) = 4096
read(4, "                                "..., 4096) = 4096
read(4, "                                "..., 4096) = 4096
lseek(4, 15802368, SEEK_SET)            = 15802368
read(4, "=\314\314\315=\314\314\315=\314\314\315=\314\314\315=\314\314\315=\314\314\315=\314\314\315=\314\314\315"..., 4096) = 4096
read(4, "                TFORM3  = '1PE(5"..., 4096) = 4096
read(4, "HDUCLAS3= 'UNIF    '           /"..., 4096) = 4096
read(4, "n\271=\261\260\24=\261\361\237=\2623[=\262uF=\262\267c=\262\371\260=\263~\340=\263"..., 4096) = 4096
mmap(NULL, 2097152, PROT_READ|PROT_WRITE, MAP_PRIVATE|MAP_ANONYMOUS, -1, 0) = 0x7f4478345000
lseek(4, 15822848, SEEK_SET)            = 15822848
read(4, "=\211\254\253=\211\373n=\212J\212=\212\232\1=\212\301\337=\212\351\323=\213:\2=\213\212\216"..., 4096) = 4096
read(4, "?A\340l?A\340l?A\340l?A\340l?A\340l?A\340l?A\340l?A\340l"..., 2093056) = 2093056
read(4, "?= \340?= \340?= \340?= \340?= \340?= \340?= \340?= \340"..., 4096) = 4096
lseek(4, 15814656, SEEK_SET)            = 15814656
read(4, "n\271=\261\260\24=\261\361\237=\2623[=\262uF=\262\267c=\262\371\260=\263~\340=\263"..., 4096) = 4096
read(4, ">\"\17:>\"|f>\"\352&>#Xy>#\307c>$6\343>$\246\374>%\27\256"..., 4096) = 4096
mmap(NULL, 2301952, PROT_READ|PROT_WRITE, MAP_PRIVATE|MAP_ANONYMOUS, -1, 0) = 0x7f4478113000
lseek(4, 20017152, SEEK_SET)            = 20017152
read(4, "=\314\314\315=\314\314\315=\314\314\315=\314\314\315=\314\314\315=\314\314\315=\314\314\315=\314\314\315"..., 4096) = 4096
read(4, "?A\340l?A\340l?A\340l?A\340l?A\340l?A\340l?A\340l?A\340l"..., 2297856) = 2297856
read(4, "?C\375\r?Co\366?B\340<?Bv\223?BUW?B\25\31?A\365\223?A\327\342"..., 4096) = 4096
lseek(4, 15818752, SEEK_SET)            = 15818752
read(4, ">\"\17:>\"|f>\"\352&>#Xy>#\307c>$6\343>$\246\374>%\27\256"..., 4096) = 4096
mmap(NULL, 1818624, PROT_READ|PROT_WRITE, MAP_PRIVATE|MAP_ANONYMOUS, -1, 0) = 0x7f4477f57000
lseek(4, 24616960, SEEK_SET)            = 24616960
read(4, "=\314\314\315=\314\314\315=\314\314\315=\314\314\315=\314\314\315=\314\314\315=\314\314\315=\314\314\315"..., 4096) = 4096
read(4, "?=\169?=\169?=\169?=\169?=\169?=\169?=\169?=\169"..., 1814528) = 1814528
read(4, "?R\362\225?R\362\225?R\362\225?R\362\225?R\362\225?R\362\225?R\362\225?R\362\225"..., 4096) = 4096
lseek(4, 15818752, SEEK_SET)            = 15818752
read(4, ">\"\17:>\"|f>\"\352&>#Xy>#\307c>$6\343>$\246\374>%\27\256"..., 4096) = 4096
read(4, "=\211\254\253=\211\373n=\212J\212=\212\232\1=\212\301\337=\212\351\323=\213:\2=\213\212\216"..., 4096) = 4096
mmap(NULL, 1679360, PROT_READ|PROT_WRITE, MAP_PRIVATE|MAP_ANONYMOUS, -1, 0) = 0x7f4477dbd000
lseek(4, 28250112, SEEK_SET)            = 28250112
read(4, "=\314\314\315=\314\314\315=\314\314\315=\314\314\315=\314\314\315=\314\314\315=\314\314\315=\314\314\315"..., 4096) = 4096
read(4, "?S\5q?S\5q?S\5q?S\5q?S\5q?S\5q?S\5q?S\5q"..., 1675264) = 1675264
read(4, "?g\300\365?g\300\365?g\300\365?g\300\365?g\300\365?g\300\365?g\300\365?g\300\365"..., 4096) = 4096
lseek(4, -2488, SEEK_CUR)               = 29931080
close(4)                                = 0
fstat(1, {st_mode=S_IFCHR|0620, st_rdev=makedev(0x88, 0x2), ...}) = 0
write(1, "180.000010\t0.006680\n", 20)  = 20
write(1, "178.191920\t0.007535\n", 20)  = 20
write(1, "176.383834\t0.008408\n", 20)  = 20
write(1, "174.575749\t0.009312\n", 20)  = 20
write(1, "172.767685\t0.010300\n", 20)  = 20
write(1, "170.959587\t0.010623\n", 20)  = 20
write(1, "169.151521\t0.004483\n", 20)  = 20
write(1, "167.343427\t0.004726\n", 20)  = 20
write(1, "165.535351\t0.004992\n", 20)  = 20
write(1, "163.727273\t0.005282\n", 20)  = 20
write(1, "161.919186\t0.005461\n", 20)  = 20
write(1, "160.111104\t0.005647\n", 20)  = 20
write(1, "158.303024\t0.005887\n", 20)  = 20
write(1, "156.494945\t0.005903\n", 20)  = 20
write(1, "154.686870\t0.005871\n", 20)  = 20
write(1, "152.878794\t0.005647\n", 20)  = 20
write(1, "151.070712\t0.005163\n", 20)  = 20
write(1, "149.262633\t0.004755\n", 20)  = 20
write(1, "147.454545\t0.004537\n", 20)  = 20
write(1, "145.646460\t0.004478\n", 20)  = 20
write(1, "143.838389\t0.004481\n", 20)  = 20
write(1, "142.030303\t0.004366\n", 20)  = 20
write(1, "140.222219\t0.004034\n", 20)  = 20
write(1, "138.414146\t0.003658\n", 20)  = 20
write(1, "136.606059\t0.003284\n", 20)  = 20
write(1, "134.797982\t0.002953\n", 20)  = 20
write(1, "132.989904\t0.002727\n", 20)  = 20
write(1, "131.181823\t0.002450\n", 20)  = 20
write(1, "129.373739\t0.002240\n", 20)  = 20
write(1, "127.565661\t0.002287\n", 20)  = 20
write(1, "125.757577\t0.002613\n", 20)  = 20
write(1, "123.949493\t0.003529\n", 20)  = 20
write(1, "122.141416\t0.005472\n", 20)  = 20
write(1, "120.333334\t0.006739\n", 20)  = 20
write(1, "118.525250\t0.007230\n", 20)  = 20
write(1, "116.717175\t0.007103\n", 20)  = 20
write(1, "114.909088\t0.006693\n", 20)  = 20
write(1, "113.101007\t0.006274\n", 20)  = 20
write(1, "111.292930\t0.006113\n", 20)  = 20
write(1, "109.484847\t0.006132\n", 20)  = 20
write(1, "107.676769\t0.006329\n", 20)  = 20
write(1, "105.868689\t0.006312\n", 20)  = 20
write(1, "104.060610\t0.006379\n", 20)  = 20
write(1, "102.252529\t0.006549\n", 20)  = 20
write(1, "100.444443\t0.006576\n", 20)  = 20
write(1, "98.636359\t0.006780\n", 19)   = 19
write(1, "96.828284\t0.007424\n", 19)   = 19
write(1, "95.020205\t0.009071\n", 19)   = 19
write(1, "93.212120\t0.011496\n", 19)   = 19
write(1, "91.404045\t0.013415\n", 19)   = 19
write(1, "89.595957\t0.014445\n", 19)   = 19
write(1, "87.787879\t0.015237\n", 19)   = 19
write(1, "85.979796\t0.016150\n", 19)   = 19
write(1, "84.171720\t0.017085\n", 19)   = 19
write(1, "82.363635\t0.017100\n", 19)   = 19
write(1, "80.555560\t0.016496\n", 19)   = 19
write(1, "78.747472\t0.016555\n", 19)   = 19
write(1, "76.939395\t0.017397\n", 19)   = 19
write(1, "75.131312\t0.018797\n", 19)   = 19
write(1, "73.323231\t0.021360\n", 19)   = 19
write(1, "71.515155\t0.025822\n", 19)   = 19
write(1, "69.707074\t0.030109\n", 19)   = 19
write(1, "67.898989\t0.032805\n", 19)   = 19
write(1, "66.090912\t0.036490\n", 19)   = 19
write(1, "64.282829\t0.040265\n", 19)   = 19
write(1, "62.474748\t0.044020\n", 19)   = 19
write(1, "60.666666\t0.047529\n", 19)   = 19
write(1, "58.858586\t0.049827\n", 19)   = 19
write(1, "57.050508\t0.054602\n", 19)   = 19
write(1, "55.242427\t0.062405\n", 19)   = 19
write(1, "53.434345\t0.067086\n", 19)   = 19
write(1, "51.626264\t0.073283\n", 19)   = 19
write(1, "49.818183\t0.081533\n", 19)   = 19
write(1, "48.010102\t0.088665\n", 19)   = 19
write(1, "46.202022\t0.097128\n", 19)   = 19
write(1, "44.393941\t0.106062\n", 19)   = 19
write(1, "42.585862\t0.020600\n", 19)   = 19
write(1, "40.777780\t0.015747\n", 19)   = 19
write(1, "38.969699\t0.046356\n", 19)   = 19
write(1, "37.161616\t0.054950\n", 19)   = 19
write(1, "35.353537\t0.065449\n", 19)   = 19
write(1, "33.545455\t0.070466\n", 19)   = 19
write(1, "31.737376\t0.078871\n", 19)   = 19
write(1, "29.929295\t0.077545\n", 19)   = 19
write(1, "28.121214\t0.096249\n", 19)   = 19
write(1, "26.313133\t0.104545\n", 19)   = 19
write(1, "24.505051\t0.110610\n", 19)   = 19
write(1, "22.696972\t0.107832\n", 19)   = 19
write(1, "20.888890\t0.119012\n", 19)   = 19
write(1, "19.080810\t0.189969\n", 19)   = 19
write(1, "17.272729\t0.189471\n", 19)   = 19
write(1, "15.464648\t0.233128\n", 19)   = 19
write(1, "13.656567\t0.245522\n", 19)   = 19
write(1, "11.848487\t0.260929\n", 19)   = 19
write(1, "10.040405\t0.238081\n", 19)   = 19
write(1, "8.232325\t0.216890\n", 18)    = 18
write(1, "6.424244\t0.167981\n", 18)    = 18
write(1, "4.616163\t0.123778\n", 18)    = 18
write(1, "2.808082\t0.063443\n", 18)    = 18
write(1, "1.000002\t0.097268\n", 18)    = 18
munmap(0x7f4478345000, 2097152)         = 0
munmap(0x7f4478113000, 2301952)         = 0
munmap(0x7f4477f57000, 1818624)         = 0
munmap(0x7f4477dbd000, 1679360)         = 0
exit_group(0)                           = ?
+++ exited with 0 +++
